"AGE","CLITIME","INCOME","EXPENSES","RESIDTIME","REGION","CABLETV","AUTODEBT","CHURN"
51,26,5320,543,7.3,"North","Yes","No","No"
36,16,5620,482,4.5,"North","Yes","No","No"
35,15,4860,593,4.8,"North","No","No","No"
40,22,6590,1184,6.2,"East","Yes","No","No"
52,30,6370,634,2.2,"North","No","No","No"
38,16,6120,146,5.6,"West","Yes","No","No"
27,18,5600,1273,4.8,"West","No","Yes","No"
45,29,10080,717,4.1,"North","Yes","No","No"
35,12,4720,446,6.9,"North","No","No","No"
30,21,5840,184,7.2,"North","Yes","Yes","No"
44,34,13550,1367,4.9,"North","Yes","Yes","No"
30,23,5750,856,8.1,"South","No","No","No"
39,20,6870,592,6.1,"West","No","Yes","No"
39,21,6880,593,2.8,"North","No","No","No"
45,18,7160,285,8,"North","Yes","Yes","No"
29,14,4980,311,5.9,"North","No","Yes","No"
40,25,8800,1280,0.9,"North","No","Yes","No"
31,16,5040,517,2.3,"East","Yes","No","No"
33,25,6440,861,7.3,"North","Yes","Yes","No"
33,24,6390,207,4.3,"East","Yes","Yes","No"
39,29,10800,686,4.6,"North","No","No","No"
29,13,4230,106,4.8,"South","Yes","No","No"
49,27,7510,275,6.6,"North","No","Yes","No"
46,28,9420,841,5.6,"East","No","Yes","No"
44,23,6400,134,6.2,"South","Yes","No","No"
54,22,6020,207,6.5,"West","Yes","No","No"
31,23,6050,146,4.9,"North","Yes","Yes","No"
26,13,6060,715,5,"North","Yes","No","No"
54,16,5710,121,3.8,"West","No","Yes","No"
47,40,18770,2239,5.6,"South","Yes","No","No"
49,39,17330,422,4.1,"East","Yes","No","No"
44,29,9940,688,4.5,"North","Yes","Yes","No"
32,15,5270,584,5.7,"North","Yes","No","No"
51,12,4850,71,4.6,"West","Yes","Yes","No"
29,14,6150,984,2,"East","Yes","No","No"
34,13,6640,229,5.9,"West","No","Yes","No"
45,23,6950,773,7,"North","Yes","No","No"
29,12,4330,733,2,"North","Yes","No","No"
36,15,4990,1210,7,"East","Yes","Yes","No"
32,15,5410,449,5.8,"West","Yes","No","No"
38,31,9880,1033,7.9,"East","Yes","Yes","No"
40,23,7000,346,4,"North","Yes","Yes","No"
38,12,4690,40,7.6,"West","No","Yes","No"
44,25,5910,354,6.8,"East","No","No","No"
47,12,5440,673,5.2,"North","No","No","No"
41,17,5970,380,6,"North","No","Yes","No"
47,24,5720,500,3.2,"East","No","No","No"
37,28,7520,1377,7.2,"West","No","No","No"
37,15,5800,566,5.6,"South","Yes","No","No"
32,25,8070,650,5.4,"East","Yes","Yes","No"
35,23,6280,758,3.4,"East","Yes","No","No"
42,16,6740,935,7.5,"East","No","No","No"
33,13,4890,52,4.5,"North","No","No","No"
46,29,10480,723,1.9,"North","Yes","Yes","No"
40,27,6410,608,3.2,"East","Yes","No","No"
56,22,10250,1215,4.3,"North","Yes","No","No"
35,14,15870,1985,5.1,"North","Yes","No","No"
53,26,6820,882,4.1,"North","No","No","No"
28,18,6030,663,6.9,"East","Yes","No","No"
37,21,6400,1229,0.7,"North","No","Yes","No"
36,19,5360,411,5.6,"North","No","Yes","No"
35,20,5020,339,1.9,"East","Yes","No","No"
29,16,6330,869,6.8,"North","No","No","No"
34,24,6870,532,3.8,"West","Yes","No","No"
39,19,5810,1238,5.4,"South","No","Yes","No"
39,25,6120,457,1.9,"East","Yes","Yes","No"
44,13,5470,793,5.6,"West","Yes","Yes","No"
28,21,5300,371,2.4,"West","Yes","No","No"
40,21,6010,340,5.4,"East","Yes","No","No"
41,31,9270,891,2.9,"West","No","No","No"
51,40,11880,1846,4.6,"East","Yes","No","No"
35,20,5420,952,4.1,"East","Yes","Yes","No"
46,18,6400,234,8.5,"South","No","Yes","No"
47,14,6400,473,6.5,"West","No","No","No"
26,19,6110,307,7.7,"East","Yes","Yes","No"
30,20,6240,349,5.6,"South","Yes","No","No"
35,15,5680,1015,4.6,"West","Yes","No","No"
27,14,5550,873,0.5,"South","Yes","No","No"
27,14,5600,565,3.8,"West","Yes","Yes","No"
41,25,5780,431,4.8,"East","Yes","Yes","No"
36,29,5810,970,4.6,"North","No","No","No"
32,25,8170,519,3.5,"North","No","No","No"
27,12,5790,178,7,"North","Yes","No","No"
33,16,5030,331,2.2,"East","Yes","Yes","No"
55,31,9970,624,4.2,"West","Yes","No","No"
41,14,5180,610,8.1,"East","Yes","Yes","No"
41,23,9840,131,3.4,"East","Yes","No","No"
42,30,7860,1859,7.1,"North","Yes","Yes","No"
32,13,5350,676,3.1,"East","No","No","No"
46,13,6960,250,5.6,"North","Yes","Yes","No"
42,19,5160,396,6.8,"West","Yes","No","No"
41,16,4950,358,5.8,"West","No","No","No"
40,15,5220,205,8.7,"North","Yes","No","No"
27,14,5300,906,6.4,"North","Yes","Yes","No"
39,25,8710,601,7.2,"West","No","No","No"
44,29,11820,951,5,"East","Yes","Yes","No"
44,23,10110,614,7.4,"North","Yes","Yes","No"
42,29,8160,571,5.2,"East","Yes","Yes","No"
48,18,8090,1308,2.9,"East","Yes","No","No"
49,19,6120,194,8.1,"East","Yes","Yes","No"
30,23,6390,203,4.4,"West","Yes","No","No"
38,22,5000,651,4.2,"East","Yes","No","No"
44,28,7080,1324,5.8,"North","Yes","No","No"
37,12,5990,479,6.7,"West","Yes","No","No"
43,18,5600,672,5.4,"East","No","No","No"
38,21,6630,1148,5.9,"North","Yes","No","No"
40,25,7990,339,4.6,"North","No","Yes","No"
43,24,11000,834,6.4,"North","Yes","Yes","No"
54,15,5700,147,4.4,"East","Yes","No","No"
47,38,15170,990,8.7,"North","Yes","No","No"
28,15,5160,1054,3.8,"East","No","No","No"
33,24,6140,904,4.4,"West","Yes","No","No"
29,13,5520,548,7.8,"South","Yes","Yes","No"
40,31,10890,545,6.8,"North","Yes","No","No"
56,36,11270,1521,1.6,"East","Yes","No","No"
50,37,8140,149,8,"North","Yes","No","No"
61,26,19820,1696,2.1,"South","Yes","Yes","No"
46,26,9620,998,3.5,"South","Yes","Yes","No"
44,22,8440,177,3.5,"North","Yes","No","No"
41,22,6820,590,7.2,"North","No","Yes","No"
41,23,7060,461,10.4,"North","Yes","Yes","No"
47,18,6870,338,7.3,"North","Yes","Yes","No"
35,23,5520,223,5.9,"South","Yes","No","No"
28,17,4910,624,2.5,"South","Yes","No","No"
31,21,5520,195,4,"East","No","Yes","No"
38,30,13220,1466,5.8,"North","Yes","No","No"
34,23,6420,307,1,"North","No","No","No"
49,20,12050,212,1.9,"North","No","Yes","No"
38,26,6580,236,6.4,"North","Yes","No","No"
32,13,6900,1348,3.7,"South","Yes","Yes","No"
46,28,10400,582,5.4,"East","No","No","No"
34,18,6590,863,4.4,"East","Yes","No","No"
31,15,6660,442,4.5,"South","Yes","Yes","No"
46,25,6840,190,3.4,"East","No","No","No"
48,20,12980,2677,2.7,"West","No","No","No"
44,27,7910,182,3,"North","No","No","No"
35,13,5770,219,6.7,"East","Yes","Yes","No"
43,36,13160,1693,4.9,"South","Yes","No","No"
52,25,11870,567,3.3,"East","Yes","No","No"
23,16,4950,305,4.8,"West","Yes","Yes","No"
35,22,5860,225,4.6,"East","No","Yes","No"
29,21,7190,319,7.4,"North","Yes","No","No"
33,19,7000,688,5.6,"North","Yes","No","No"
47,26,7060,146,6.4,"East","Yes","Yes","No"
50,21,5340,1828,2.6,"East","Yes","No","No"
34,13,5520,570,7.1,"West","Yes","Yes","No"
45,22,7060,255,0.7,"East","Yes","Yes","No"
33,15,5660,339,5.4,"South","Yes","Yes","No"
46,12,6870,123,5.1,"West","No","No","No"
33,20,10900,684,9.5,"East","Yes","Yes","No"
44,27,15960,1426,5,"East","Yes","No","No"
55,30,6500,143,2.5,"North","No","Yes","No"
35,17,8320,600,3.7,"East","Yes","No","No"
39,20,6130,471,5.7,"South","No","Yes","No"
44,14,5220,406,4.6,"North","No","No","No"
37,14,4580,784,5.7,"East","No","Yes","No"
43,22,5460,346,7,"North","Yes","Yes","No"
35,25,6760,1211,4.8,"North","Yes","Yes","No"
29,17,4990,453,4,"West","Yes","No","No"
34,19,5080,628,4.4,"West","No","No","No"
32,15,4620,231,6,"North","No","No","No"
33,23,6770,128,2.1,"West","Yes","No","No"
37,25,6460,1055,3.8,"West","Yes","No","No"
34,13,4890,716,5.4,"West","Yes","No","No"
43,17,8550,897,1.7,"North","Yes","No","No"
28,19,5250,790,5.5,"West","No","No","No"
50,26,9110,2376,8.4,"North","No","No","No"
35,14,6510,48,6.3,"West","Yes","No","No"
38,25,10020,357,2.8,"North","Yes","No","No"
37,12,7500,60,7.7,"North","Yes","Yes","No"
46,30,14530,297,5.4,"West","No","No","No"
36,27,9190,1189,4.9,"North","No","No","No"
37,30,9610,1191,6,"North","Yes","No","No"
39,20,6740,787,5.1,"North","Yes","No","No"
35,19,5130,546,1.5,"East","Yes","No","No"
39,24,8020,603,9.5,"West","Yes","No","No"
42,29,7090,414,4.2,"West","Yes","No","No"
35,23,6770,176,3.9,"North","Yes","Yes","No"
37,18,5720,427,5.9,"East","Yes","No","No"
45,17,5290,141,4.8,"West","Yes","No","No"
50,31,10860,932,5.9,"West","Yes","No","No"
51,36,10490,1728,5,"West","Yes","Yes","No"
38,25,6970,339,8.2,"North","Yes","No","No"
36,24,9610,811,3.7,"West","Yes","No","No"
34,21,5540,143,5.6,"West","No","No","No"
37,18,5400,627,7.1,"West","Yes","No","No"
28,12,5620,680,2.3,"South","Yes","No","No"
52,33,19780,1360,8.2,"South","No","Yes","No"
34,19,5960,152,4.7,"North","Yes","Yes","No"
42,22,6270,717,4.5,"North","Yes","Yes","No"
29,13,5230,372,7.6,"North","No","Yes","No"
29,18,5220,444,5.3,"North","Yes","No","No"
42,13,5390,396,3,"North","Yes","Yes","No"
48,23,7380,257,4.8,"East","No","Yes","No"
44,36,10730,865,4.7,"North","No","No","No"
28,15,4990,664,5.6,"South","Yes","No","No"
49,18,8090,299,6.7,"North","Yes","Yes","No"
36,24,9970,1193,4.7,"West","Yes","Yes","No"
40,15,7970,266,3.2,"South","Yes","Yes","No"
29,18,5190,46,2.8,"South","Yes","No","No"
29,22,4830,472,2.5,"East","No","No","No"
41,17,5590,64,4.1,"North","No","No","No"
33,26,5980,619,2.6,"East","Yes","No","No"
45,20,6850,407,7.4,"West","Yes","No","No"
33,17,5770,191,2.4,"West","No","No","No"
39,26,8790,234,4,"West","Yes","Yes","No"
44,17,5120,135,4.5,"East","No","Yes","No"
42,33,16270,1309,3.5,"South","Yes","No","No"
31,23,5830,425,5.3,"North","Yes","Yes","No"
47,13,6820,488,4.3,"North","No","Yes","No"
36,19,16860,305,9.7,"East","Yes","No","No"
44,32,9230,263,4.9,"West","Yes","Yes","No"
56,49,19390,4106,6.2,"East","Yes","Yes","No"
31,19,6000,683,1.1,"South","Yes","No","No"
54,38,15870,1080,2,"North","Yes","No","No"
37,26,5910,1657,6.8,"North","Yes","No","No"
30,12,5260,434,2.1,"East","Yes","Yes","No"
30,18,5860,246,5.3,"North","No","Yes","No"
35,16,7230,270,7.7,"North","Yes","No","No"
32,19,5110,796,5,"West","No","Yes","No"
38,28,8360,63,5.2,"North","No","No","No"
31,19,5300,335,5.4,"South","Yes","Yes","No"
47,29,13380,1217,7.9,"West","Yes","No","No"
42,22,13150,76,4.4,"West","No","No","No"
56,38,14030,1830,6.7,"North","Yes","No","No"
36,24,6700,371,5.3,"West","Yes","No","No"
25,12,4700,275,8.9,"East","No","Yes","No"
27,17,5690,708,5.2,"East","Yes","No","No"
32,16,4550,219,8.5,"North","Yes","Yes","No"
34,13,4560,139,3.5,"South","Yes","Yes","No"
43,29,10430,456,4.3,"East","No","Yes","No"
39,18,6200,282,3.5,"East","Yes","Yes","No"
33,23,7530,167,3.2,"North","No","No","No"
30,21,6380,1090,2.2,"South","Yes","Yes","No"
29,18,5480,550,6.6,"East","Yes","Yes","No"
33,24,7530,1432,6.3,"East","Yes","Yes","No"
41,20,5520,139,4.8,"West","Yes","No","No"
40,19,7920,195,4.2,"South","No","No","No"
34,15,4620,538,2.8,"North","No","No","No"
43,12,5610,335,4.1,"West","No","No","No"
53,37,37190,3514,5.6,"North","Yes","No","No"
38,15,4890,254,1.5,"East","No","Yes","No"
32,20,9390,789,4.9,"North","Yes","No","No"
35,25,8410,425,3.8,"West","Yes","Yes","No"
31,21,5400,154,7.4,"North","Yes","No","No"
37,18,5500,917,5.8,"East","Yes","No","No"
49,20,7280,273,5,"North","Yes","No","No"
41,34,8480,887,3.9,"North","No","No","No"
48,22,7580,1281,4.2,"North","No","No","No"
48,28,10050,434,8.2,"East","No","No","No"
42,32,7620,549,3.1,"East","Yes","No","No"
48,35,13090,493,3.3,"East","No","No","No"
28,20,4820,464,5.9,"East","Yes","Yes","No"
47,30,9620,1878,6.6,"North","Yes","Yes","No"
47,18,5470,190,4.2,"North","Yes","No","No"
43,26,6360,671,7.2,"South","No","No","No"
29,17,4970,771,4.8,"West","Yes","No","No"
41,17,6170,322,5.5,"East","No","Yes","No"
45,31,10570,252,6.2,"East","Yes","Yes","No"
50,24,13390,930,8.3,"North","No","No","No"
33,20,5840,238,1.4,"West","Yes","Yes","No"
24,13,4250,592,3.4,"North","Yes","No","No"
42,24,8680,333,6.2,"West","No","No","No"
34,19,5500,607,5,"West","Yes","No","No"
32,16,5100,489,2.3,"East","Yes","No","No"
43,27,9180,976,6.1,"North","No","Yes","No"
43,36,14170,1810,3.9,"North","Yes","Yes","No"
30,15,5110,229,3.8,"West","No","No","No"
31,16,5880,901,1,"East","Yes","No","No"
42,21,8130,474,6.8,"North","Yes","No","No"
42,25,8500,1280,4.2,"North","Yes","Yes","No"
35,14,5590,204,6.7,"North","No","No","No"
33,12,5400,628,2.7,"West","Yes","No","No"
48,21,5550,147,5,"West","No","No","No"
56,27,6630,1233,6.7,"North","Yes","Yes","No"
44,14,5880,535,6,"West","No","Yes","No"
36,16,7900,218,4.6,"North","No","Yes","No"
32,13,4820,156,5.7,"North","Yes","No","No"
31,17,4710,334,4.4,"East","Yes","No","No"
39,16,5150,448,5.5,"North","No","No","No"
59,29,10510,767,5.3,"North","Yes","No","No"
32,19,6570,795,7.2,"North","Yes","No","No"
44,18,6130,736,3.7,"West","Yes","No","No"
35,20,7680,268,1.5,"North","No","No","No"
28,17,5130,270,7.3,"North","No","No","No"
33,21,5910,783,4.7,"North","Yes","No","No"
43,31,13560,804,4.1,"East","Yes","No","No"
32,15,5670,357,6.9,"North","Yes","Yes","No"
39,17,6530,1806,1.3,"North","No","No","No"
46,34,6930,467,8.2,"West","Yes","No","No"
47,38,11570,145,2.8,"North","Yes","Yes","No"
55,15,6310,364,7.8,"North","No","No","No"
36,28,6730,423,3.5,"North","Yes","Yes","No"
34,24,8880,747,4.8,"West","Yes","No","No"
37,14,5410,534,5.8,"North","No","No","No"
28,12,4650,397,6.1,"North","Yes","Yes","No"
31,23,6650,578,4.9,"West","No","Yes","No"
40,19,8870,1491,5.1,"North","Yes","No","No"
49,21,5930,1155,4.9,"West","Yes","Yes","No"
46,20,6410,196,3.4,"South","Yes","No","No"
27,17,5150,210,1.2,"North","No","No","No"
33,25,6590,343,1.3,"East","Yes","Yes","No"
43,18,5450,189,1.3,"North","Yes","Yes","No"
40,29,8110,1184,5.8,"North","Yes","Yes","No"
41,19,6160,355,8.6,"North","Yes","No","No"
36,20,5360,354,4.9,"West","Yes","No","No"
35,22,6480,611,4.9,"East","No","Yes","No"
34,25,6920,495,1.3,"East","Yes","Yes","No"
40,27,11010,2093,4.7,"North","Yes","Yes","No"
40,28,6830,249,4.1,"East","Yes","No","No"
43,19,5250,356,6.3,"North","Yes","No","No"
44,25,12640,779,4.9,"West","Yes","No","No"
42,21,7080,1290,6.9,"North","Yes","No","No"
41,17,5240,66,6.6,"South","No","Yes","No"
37,22,7670,700,5.3,"East","No","Yes","No"
53,20,8350,703,5.1,"East","No","Yes","No"
45,20,10860,146,2.3,"East","Yes","Yes","No"
35,13,4540,776,4.8,"West","Yes","Yes","No"
53,17,6480,1064,5.4,"North","No","Yes","No"
42,34,7190,486,7.6,"East","Yes","Yes","No"
42,19,5350,373,3.6,"North","No","No","No"
41,27,8740,437,8.7,"West","Yes","No","No"
40,27,8200,861,1.7,"West","No","Yes","No"
45,30,7640,284,4.7,"North","No","Yes","No"
32,12,5820,254,3.9,"South","Yes","Yes","No"
27,12,5760,477,6.8,"North","Yes","No","No"
32,12,6680,629,4.1,"East","Yes","No","No"
38,24,10170,247,2.5,"East","No","No","No"
49,19,8230,230,1.9,"North","Yes","No","No"
51,42,16090,1034,2.8,"North","Yes","No","No"
36,14,8060,642,6.5,"North","Yes","Yes","No"
58,14,6240,350,3.1,"West","Yes","Yes","No"
27,12,4930,194,6.8,"North","Yes","No","No"
46,21,6520,590,6.6,"West","Yes","No","No"
32,22,6800,690,3.6,"South","Yes","Yes","No"
39,14,6650,940,2.5,"East","No","Yes","No"
37,13,5310,259,5.2,"East","No","Yes","No"
49,17,5390,1252,5.8,"North","Yes","No","No"
35,14,7790,382,4.3,"North","Yes","No","No"
37,14,6090,1088,4.5,"North","No","No","No"
40,23,6160,102,5.2,"North","No","No","No"
33,24,5520,146,6.1,"North","Yes","No","No"
40,12,5670,441,8.2,"North","Yes","Yes","No"
58,39,17390,1415,2.3,"North","Yes","No","No"
33,19,5250,792,4.9,"West","No","Yes","No"
45,13,5800,839,6.3,"East","Yes","No","No"
44,21,6590,765,6.2,"East","Yes","Yes","No"
31,15,5090,227,1.8,"East","Yes","Yes","No"
36,24,8650,291,6.2,"West","Yes","No","No"
49,30,11660,822,3.6,"East","Yes","No","No"
46,19,7420,89,6.3,"West","Yes","Yes","No"
40,26,6430,239,5.4,"North","Yes","No","No"
30,15,5190,456,5,"North","Yes","No","No"
31,23,6450,399,4.7,"East","Yes","No","No"
32,14,4940,242,7.9,"North","No","Yes","No"
33,12,4710,24,5.2,"East","No","No","No"
48,20,7880,506,4.4,"East","Yes","No","No"
54,26,8020,1045,7.6,"North","Yes","Yes","No"
47,24,6600,1188,6.6,"West","Yes","No","No"
45,38,9840,65,4.5,"South","Yes","Yes","No"
32,22,5570,548,7.1,"West","Yes","No","No"
37,21,5610,251,7.6,"West","Yes","No","No"
57,50,23580,2084,4.8,"North","No","No","No"
41,28,7130,94,6.9,"West","No","No","No"
35,18,6410,835,2.8,"North","Yes","No","No"
45,31,9980,1461,4.7,"North","Yes","No","No"
35,15,5360,812,5.2,"North","Yes","Yes","No"
44,29,6030,347,6.2,"North","Yes","No","No"
48,19,6970,864,4.1,"West","Yes","Yes","No"
38,18,6520,449,7.9,"North","Yes","Yes","No"
46,13,4690,215,5.9,"East","Yes","Yes","No"
35,20,5070,69,3.5,"North","Yes","No","No"
32,13,4670,295,4.4,"North","Yes","Yes","No"
45,12,4890,386,7.9,"East","No","No","No"
49,13,5420,676,4.2,"West","Yes","No","No"
53,18,5720,400,4.2,"North","No","No","No"
54,30,10280,479,3.7,"East","Yes","Yes","No"
29,17,5760,655,7,"North","Yes","No","No"
30,16,5060,1020,5.8,"West","No","Yes","No"
32,22,5070,309,0.5,"North","Yes","No","No"
58,25,8980,1078,3.8,"North","Yes","No","No"
38,14,5190,333,7.8,"East","Yes","No","No"
36,20,5540,545,6.4,"East","Yes","Yes","No"
38,18,6070,281,2.6,"West","No","Yes","No"
49,30,13610,2690,8.1,"North","Yes","Yes","No"
29,13,5360,212,4.9,"West","Yes","No","No"
29,18,5820,158,8.2,"West","Yes","No","No"
49,36,15960,323,5.2,"East","Yes","Yes","No"
59,21,5930,594,7.9,"North","Yes","No","No"
47,21,6470,786,3.6,"East","No","No","No"
34,19,6660,1072,8.2,"East","Yes","Yes","No"
39,16,5780,1513,6.4,"North","Yes","No","No"
48,18,5290,237,4.8,"North","Yes","No","No"
54,33,16070,925,2.9,"East","Yes","No","No"
31,23,5730,480,4.7,"North","No","Yes","No"
37,15,12880,473,6.5,"North","Yes","No","No"
36,19,5620,1358,4.6,"West","Yes","Yes","No"
34,22,10900,856,0.2,"East","Yes","Yes","No"
43,15,6640,221,7.3,"South","Yes","No","No"
35,18,4870,569,4.2,"South","Yes","No","No"
55,30,12840,666,8.7,"East","No","Yes","No"
41,19,6260,296,4.5,"East","No","No","No"
38,19,5180,311,8.2,"East","No","No","No"
36,20,5320,652,1.2,"South","No","No","No"
50,35,13020,910,2.6,"North","Yes","Yes","No"
52,22,6610,717,5,"West","Yes","No","No"
44,25,9580,297,5.4,"East","Yes","No","No"
37,14,4880,349,7.2,"East","Yes","No","No"
36,27,9730,179,3,"North","Yes","No","No"
48,14,9330,50,6,"West","Yes","No","No"
31,15,5780,730,3.7,"West","No","Yes","No"
27,13,5720,259,5.2,"West","Yes","No","No"
54,31,9910,1048,1.5,"West","Yes","Yes","No"
33,16,6550,159,4,"East","Yes","No","No"
38,15,4960,898,4.3,"East","No","Yes","No"
40,18,6330,192,4.5,"North","Yes","No","No"
31,12,5040,49,7.7,"North","Yes","Yes","No"
27,15,4840,689,4.6,"South","Yes","No","No"
42,17,6360,678,6.3,"North","Yes","Yes","No"
37,20,4940,686,2.8,"East","Yes","No","No"
50,21,10250,371,5.8,"East","No","No","No"
32,15,5190,378,4,"South","Yes","No","No"
34,22,6950,180,6.8,"South","No","No","No"
37,30,6590,1242,5.6,"East","Yes","Yes","No"
24,13,4470,318,2.1,"North","Yes","Yes","No"
35,25,6650,739,1.8,"South","Yes","Yes","No"
45,24,6360,1000,8.5,"West","Yes","Yes","No"
33,17,5450,176,7.4,"West","Yes","No","No"
35,19,5380,213,5.9,"East","Yes","Yes","No"
43,26,10140,1632,3.4,"North","Yes","No","No"
46,36,13670,872,7.2,"East","Yes","Yes","No"
29,21,6150,1105,1.6,"North","Yes","Yes","No"
30,15,5580,504,3.3,"West","Yes","No","No"
36,19,5810,180,1.2,"South","Yes","No","No"
29,15,6670,707,3.9,"East","No","No","No"
45,32,11030,932,5.9,"East","Yes","No","No"
30,18,7090,738,6,"North","Yes","Yes","No"
52,17,6490,404,4.2,"North","Yes","No","No"
45,26,13850,342,2.8,"East","No","No","No"
57,42,17810,803,6.2,"West","Yes","No","No"
46,20,6680,446,6,"East","Yes","No","No"
35,22,6190,378,7.2,"West","No","Yes","No"
42,16,5390,533,5,"North","Yes","No","No"
52,23,8630,593,5.3,"North","Yes","Yes","No"
42,29,21390,1345,5,"North","No","Yes","No"
48,25,17520,388,3.8,"North","Yes","Yes","No"
44,19,8470,379,3,"North","Yes","No","No"
34,24,5420,691,3.8,"North","No","Yes","No"
31,17,5440,330,1,"East","Yes","No","No"
33,23,6450,696,4.2,"North","No","No","No"
58,32,28530,456,2,"South","Yes","No","No"
43,24,7070,197,3.1,"West","Yes","No","No"
34,21,7250,440,6.4,"North","Yes","No","No"
35,20,5750,1033,4.3,"North","Yes","No","No"
39,32,10560,982,6.7,"West","Yes","No","No"
42,15,5510,198,0.4,"North","Yes","No","No"
40,30,7480,584,6.4,"West","Yes","Yes","No"
53,37,16530,1469,5.7,"East","No","Yes","No"
37,28,11290,220,6.9,"West","Yes","No","No"
58,32,8580,710,5.5,"North","Yes","No","No"
50,41,17380,1927,5.4,"North","No","No","No"
29,13,5600,588,6.2,"West","No","Yes","No"
39,31,6590,1173,3.2,"East","Yes","No","No"
29,13,8950,309,3.8,"North","Yes","Yes","No"
28,17,8450,424,9.8,"North","Yes","No","No"
52,18,7150,376,9.3,"West","No","Yes","No"
35,13,5370,463,4.2,"North","No","No","No"
54,33,26080,3236,3,"East","Yes","No","No"
53,40,19420,1254,4.3,"North","Yes","No","No"
26,12,4770,134,2.4,"North","No","No","No"
43,20,5570,257,3.6,"West","Yes","Yes","No"
49,28,8370,697,4.5,"East","No","Yes","No"
49,35,8360,363,4.7,"East","No","Yes","No"
27,19,4820,275,0.7,"North","Yes","Yes","No"
46,27,13830,2207,3,"North","Yes","Yes","No"
46,32,19770,531,6.9,"North","Yes","No","No"
24,13,4780,217,0.7,"West","Yes","No","No"
36,15,4950,88,2.4,"North","Yes","Yes","No"
36,27,8460,795,4.7,"East","No","No","No"
37,28,6730,325,5,"North","No","Yes","No"
36,28,7290,139,5.8,"East","Yes","No","No"
43,36,10680,420,5.9,"North","No","Yes","No"
36,13,4940,355,7.1,"East","Yes","Yes","No"
26,18,5690,403,4.9,"West","No","No","No"
40,24,6620,491,6.1,"West","Yes","No","No"
52,26,8570,491,7.3,"North","Yes","No","No"
37,21,6710,1123,1.9,"East","Yes","Yes","No"
40,24,12910,90,3.2,"North","Yes","No","No"
37,21,7590,478,1.9,"East","Yes","No","No"
48,30,22460,1495,4.1,"West","No","No","No"
41,22,9320,651,5.3,"East","No","Yes","No"
39,26,8040,488,6.9,"East","Yes","Yes","No"
42,22,7200,815,6.2,"South","Yes","No","No"
32,21,7010,134,2.3,"North","Yes","Yes","No"
44,24,6940,446,4.7,"North","Yes","No","No"
43,17,6720,288,7,"East","Yes","No","No"
35,24,6680,279,2.2,"East","Yes","No","No"
38,20,7390,1398,5.2,"North","No","Yes","No"
34,20,5580,541,1.7,"East","Yes","Yes","No"
48,34,8590,747,8.3,"West","Yes","Yes","No"
53,19,7880,786,5.3,"East","Yes","No","No"
37,29,5960,271,2.6,"West","Yes","No","No"
39,18,6590,257,8,"South","Yes","No","No"
40,18,8530,592,5.1,"East","Yes","No","No"
40,26,8650,1371,6.8,"West","Yes","No","No"
36,15,6430,704,0.8,"South","No","No","No"
33,25,7750,366,6.1,"West","Yes","No","No"
30,15,5050,135,5.5,"West","Yes","No","No"
46,13,6320,437,3.9,"North","Yes","No","No"
34,19,4660,120,2.9,"East","Yes","No","No"
43,26,8240,673,5.3,"North","No","No","No"
50,21,4930,258,8.6,"East","Yes","Yes","No"
48,17,6580,1666,1.7,"North","Yes","No","No"
46,25,6480,307,4.7,"South","Yes","Yes","No"
47,34,12630,1154,1,"East","No","Yes","No"
51,40,19800,2073,3.5,"East","Yes","No","No"
50,35,22720,620,1.2,"East","No","No","No"
44,18,5900,213,6,"South","No","Yes","No"
30,13,4630,377,4.9,"East","Yes","No","No"
35,13,5150,299,6.2,"East","No","No","No"
35,18,5490,1205,5.5,"East","Yes","No","No"
38,24,14000,666,2.7,"West","Yes","No","No"
25,13,4580,255,1.9,"North","Yes","No","No"
36,27,10100,1132,6.5,"West","Yes","Yes","No"
45,34,14990,3925,5.4,"East","No","No","No"
37,20,15830,2270,7.8,"North","No","No","No"
52,17,6240,332,7.6,"East","Yes","No","No"
27,14,5390,69,4,"North","Yes","Yes","No"
44,28,5250,290,4.6,"East","Yes","Yes","No"
32,22,9270,823,4.2,"North","Yes","Yes","No"
49,35,12930,161,7.5,"North","Yes","No","No"
54,17,5490,703,3.4,"East","No","No","No"
40,18,18700,1458,1.3,"West","Yes","Yes","No"
58,20,5530,1357,6.8,"West","Yes","No","No"
47,38,12600,2989,6.9,"East","No","No","No"
49,33,9320,1124,3.6,"West","Yes","No","No"
34,12,7540,929,4.7,"South","No","No","No"
36,17,9600,194,5.3,"North","Yes","No","No"
32,18,6450,265,7.2,"North","No","No","No"
41,14,7680,1116,7.4,"East","Yes","No","No"
48,23,8730,599,5.2,"West","No","No","No"
49,15,9530,1383,6.4,"North","Yes","Yes","No"
58,31,14760,277,7.7,"East","Yes","Yes","No"
46,32,8720,546,6.6,"South","Yes","No","No"
36,26,7200,1155,6.5,"North","No","No","No"
49,15,6410,202,4.7,"East","No","No","No"
46,18,5300,159,2.2,"North","No","No","No"
39,31,6980,344,5.9,"North","Yes","No","No"
32,15,5610,345,5.7,"North","Yes","Yes","No"
53,21,6690,361,3.3,"East","Yes","No","No"
45,26,16200,1187,8,"East","Yes","No","No"
40,18,5310,189,8.3,"West","Yes","No","No"
42,17,10510,500,2.9,"West","No","Yes","No"
35,27,6920,438,3.3,"East","No","No","No"
46,28,15720,830,6.4,"West","No","No","No"
50,14,9400,1409,3.2,"East","Yes","No","No"
36,12,4890,60,2.4,"North","Yes","No","No"
43,13,6450,767,2.9,"North","No","No","No"
44,15,6510,455,0.3,"West","No","No","No"
41,16,5360,48,6.5,"North","Yes","No","No"
45,18,8540,648,7,"North","Yes","No","No"
46,29,7060,1751,9.8,"East","Yes","Yes","No"
48,34,17270,1970,3.2,"West","Yes","No","No"
36,23,6000,330,7.3,"North","No","Yes","No"
39,30,10160,1189,8,"North","Yes","No","No"
37,16,5610,766,3,"East","No","No","No"
49,16,6850,365,5.5,"North","Yes","Yes","No"
34,26,8030,517,6.4,"West","Yes","Yes","No"
35,21,6080,190,3.5,"North","Yes","Yes","No"
26,19,5100,175,2.7,"West","Yes","No","No"
27,12,4950,357,1.8,"East","Yes","No","No"
33,16,4900,512,4.9,"West","Yes","No","No"
47,22,7770,633,2.5,"West","No","Yes","No"
37,25,11330,873,6.7,"North","No","Yes","No"
42,34,9280,527,4.1,"North","No","Yes","No"
51,41,14690,1489,9.1,"West","Yes","Yes","No"
37,29,7090,486,4.8,"North","Yes","Yes","No"
29,12,4750,659,4.3,"East","Yes","Yes","No"
47,19,7140,481,4.4,"North","Yes","No","No"
42,15,8870,339,7.4,"South","Yes","Yes","No"
46,14,4820,560,6.6,"East","No","No","No"
32,25,7670,1058,6.9,"West","Yes","No","No"
41,29,11550,522,12.9,"North","Yes","No","No"
54,18,6610,184,4.7,"West","Yes","Yes","No"
50,37,19190,2479,7.7,"East","Yes","No","No"
42,31,11700,503,5.2,"West","Yes","Yes","No"
32,25,6060,658,4,"West","Yes","No","No"
39,19,5320,887,6.5,"East","No","No","No"
40,25,9980,140,5.9,"East","Yes","No","No"
49,21,7710,803,4.8,"West","No","No","No"
46,31,10470,862,5.3,"South","Yes","No","No"
45,31,12100,785,7.4,"East","Yes","No","No"
51,26,9250,1003,4.7,"West","No","Yes","No"
41,30,10790,392,1.7,"West","Yes","Yes","No"
41,12,7300,1132,6,"North","No","Yes","No"
52,17,7720,511,4.2,"West","No","No","No"
52,28,10970,1859,6.9,"North","Yes","No","No"
36,20,6720,542,1.7,"East","Yes","Yes","No"
46,19,6020,263,4.7,"South","Yes","Yes","No"
31,21,5330,505,9.7,"North","Yes","Yes","No"
35,19,4790,471,6.6,"East","Yes","No","No"
36,12,6230,1307,7,"West","Yes","No","No"
29,15,5080,65,4.5,"North","Yes","Yes","No"
60,19,5560,881,3.5,"North","Yes","No","No"
39,30,7100,172,5.1,"East","No","Yes","No"
45,24,9970,503,2.8,"East","Yes","Yes","No"
46,32,7370,348,5.2,"North","No","No","No"
44,27,7150,917,8.5,"North","Yes","No","No"
39,31,6890,1208,5.9,"East","Yes","Yes","No"
39,25,7200,194,3.2,"North","No","No","No"
43,14,7130,41,2.5,"East","Yes","Yes","No"
26,19,5180,424,7.3,"East","Yes","No","No"
43,21,7240,1043,5.2,"East","Yes","No","No"
29,19,6840,650,6.7,"East","Yes","No","No"
39,16,5730,454,7.8,"West","Yes","No","No"
34,16,5250,359,8,"West","Yes","No","No"
39,19,6830,473,4.4,"East","Yes","No","No"
38,21,6600,99,4.9,"South","Yes","No","No"
32,16,5220,517,4.5,"North","No","No","No"
30,20,5620,248,6.9,"North","Yes","Yes","No"
36,24,8560,1098,4.8,"North","Yes","Yes","No"
32,21,7010,573,6.6,"North","No","Yes","No"
50,22,7830,1425,4.7,"North","No","Yes","No"
44,16,5910,1034,7.8,"East","Yes","No","No"
32,15,10260,1224,4.2,"East","Yes","Yes","No"
44,23,5510,371,3.9,"West","Yes","Yes","No"
42,29,7050,693,7.5,"East","Yes","Yes","No"
39,20,5760,310,9.4,"North","Yes","Yes","No"
32,23,7400,949,6.7,"East","Yes","Yes","No"
47,17,5100,387,8.2,"North","Yes","Yes","No"
32,13,5840,270,4,"East","Yes","No","No"
39,22,5760,379,6.2,"North","Yes","No","No"
37,17,5230,287,7.1,"East","Yes","Yes","No"
41,31,6630,416,10.6,"North","Yes","No","No"
54,44,26300,2169,2.6,"East","No","No","No"
27,12,4290,361,2.6,"West","No","No","No"
25,15,4570,325,7.4,"East","Yes","Yes","No"
29,16,5440,294,5.9,"North","Yes","Yes","No"
56,43,20540,3331,5.7,"East","Yes","Yes","No"
49,42,18290,667,6.6,"North","Yes","Yes","No"
38,12,8000,556,4.4,"North","Yes","Yes","No"
48,35,10140,431,5.9,"South","No","No","No"
38,28,6840,634,10.4,"South","No","No","No"
56,29,7500,762,6,"North","Yes","Yes","No"
44,33,11120,423,5.7,"North","No","Yes","No"
37,19,7260,1987,3.5,"North","No","Yes","No"
36,20,7600,1245,3.9,"North","Yes","Yes","No"
46,27,6690,699,6.4,"West","Yes","Yes","No"
30,17,4910,260,8.5,"East","Yes","No","No"
53,28,6110,706,6.3,"East","Yes","Yes","No"
56,49,24770,827,5.6,"South","No","No","No"
49,30,11200,738,3.2,"West","No","Yes","No"
36,28,8410,735,1.5,"North","Yes","No","No"
48,14,4870,646,6.1,"East","No","Yes","No"
34,17,5840,1090,6.9,"West","Yes","No","No"
42,34,9420,1450,8.9,"West","Yes","Yes","No"
51,17,6870,998,5.7,"North","No","Yes","No"
29,20,5900,914,6.3,"East","Yes","No","No"
48,15,8470,111,3,"North","Yes","No","No"
49,39,11300,1012,4.2,"West","Yes","No","No"
29,18,5400,1344,7,"North","Yes","No","No"
33,18,6150,404,7.3,"North","No","Yes","No"
37,13,5410,416,2.3,"South","Yes","Yes","No"
30,17,5060,177,4.7,"East","Yes","Yes","No"
47,39,12500,1062,8.6,"West","No","No","No"
33,12,5000,101,4.9,"North","No","No","No"
46,17,5460,255,0.3,"West","No","Yes","No"
39,25,7080,1603,5.6,"East","Yes","No","No"
34,20,6190,201,6.6,"North","No","No","No"
28,16,5000,1093,3.1,"West","Yes","No","No"
43,21,23050,779,4.1,"North","Yes","No","No"
33,14,4970,1148,4.8,"East","Yes","No","No"
45,15,5640,112,6.6,"East","Yes","Yes","No"
30,17,7060,744,3.7,"North","No","No","No"
24,14,4530,538,4.7,"East","Yes","No","No"
41,19,7150,974,0.1,"North","Yes","Yes","No"
31,19,5050,266,6.1,"North","No","No","No"
32,23,8100,2539,6.9,"East","Yes","Yes","No"
32,19,7940,1113,3,"South","Yes","No","No"
41,32,9740,362,3.5,"East","No","No","No"
35,20,5390,68,3.6,"North","Yes","No","No"
24,13,4500,616,2.7,"North","Yes","Yes","No"
31,21,6110,835,1,"West","Yes","Yes","No"
36,29,5820,290,5.5,"North","Yes","Yes","No"
49,19,42130,3193,5.7,"North","Yes","Yes","No"
51,16,6210,316,4.7,"South","Yes","No","No"
53,36,12620,170,6.6,"East","Yes","No","No"
34,16,5440,375,8.3,"South","Yes","Yes","No"
35,21,8000,1745,5.6,"West","No","Yes","No"
36,17,4940,507,5.2,"North","No","No","No"
44,16,6790,266,3.6,"East","Yes","No","No"
40,22,10310,582,7.3,"South","Yes","No","No"
41,20,6630,90,4.4,"North","No","No","No"
45,34,13600,1126,4.3,"East","Yes","No","No"
39,22,6640,357,5.6,"East","Yes","No","No"
43,32,13750,1271,3,"North","Yes","Yes","No"
40,13,5560,205,8.5,"North","No","Yes","No"
32,21,7030,473,10.4,"North","Yes","No","No"
31,21,5170,432,1,"West","No","No","No"
47,26,7720,1762,3.9,"East","Yes","No","No"
43,32,8300,756,1.7,"West","Yes","No","No"
27,13,4650,677,5.9,"North","No","No","No"
53,23,6520,695,4.7,"East","Yes","Yes","No"
35,15,5580,126,5.8,"East","Yes","No","No"
37,14,4770,324,0.8,"North","No","Yes","No"
39,27,6320,606,7.7,"North","No","No","No"
27,14,4560,149,2.8,"North","Yes","Yes","No"
35,15,4690,676,7.7,"East","No","No","No"
48,29,8960,620,1.1,"East","No","No","No"
38,14,5600,644,4.7,"North","Yes","No","No"
28,14,4960,128,6.6,"North","Yes","No","No"
33,16,6790,1185,7.8,"North","No","No","No"
47,33,24120,1965,4.1,"East","Yes","No","No"
41,27,12330,833,6.7,"North","No","Yes","No"
44,33,8720,544,3.1,"North","Yes","Yes","No"
49,21,6370,160,3.3,"East","No","Yes","No"
52,32,10640,1170,6.3,"East","Yes","Yes","No"
57,38,41980,1251,7.9,"West","Yes","No","No"
60,22,8540,98,7.3,"North","Yes","Yes","No"
42,27,7780,82,4.8,"North","No","No","No"
38,20,5720,218,3.1,"East","Yes","No","No"
25,18,4960,472,3.6,"North","Yes","Yes","No"
47,18,6820,34,6.1,"North","Yes","No","No"
48,29,8800,1138,1.4,"East","No","No","No"
36,28,10520,348,6.9,"East","No","Yes","No"
40,29,7160,826,1.1,"South","Yes","Yes","No"
33,20,5730,275,6.3,"East","Yes","No","No"
49,34,12420,974,6.2,"West","Yes","No","No"
38,21,6420,446,6.7,"East","No","No","No"
41,24,8910,454,6.6,"West","Yes","No","No"
31,13,5810,365,8,"North","Yes","No","No"
54,17,5770,740,5.3,"East","No","No","No"
53,38,22120,703,0.6,"North","Yes","No","No"
48,20,6500,1047,0.7,"East","No","No","No"
32,13,5290,53,7.1,"North","No","No","No"
34,17,5250,656,5.4,"South","Yes","Yes","No"
42,28,6570,774,3.9,"South","No","No","No"
29,21,6110,430,2.9,"South","No","No","No"
38,28,10800,1652,2.8,"East","Yes","No","No"
58,12,5290,203,5.4,"West","Yes","No","No"
34,17,8050,378,1.4,"North","Yes","Yes","No"
42,19,9170,268,7.1,"West","No","Yes","No"
29,19,5710,271,6.1,"North","Yes","No","No"
52,41,23200,3192,8.5,"West","Yes","No","No"
38,23,5750,391,1.4,"East","No","No","No"
30,15,4400,285,4.4,"North","Yes","No","No"
48,30,8910,522,4.8,"East","No","Yes","No"
41,20,8430,1330,2,"West","Yes","Yes","No"
32,20,8190,742,6.3,"East","Yes","No","No"
30,21,6000,822,5.6,"East","No","No","No"
31,13,5400,289,4.6,"North","Yes","No","No"
27,14,4840,467,4.8,"North","Yes","No","No"
35,22,6090,950,4.5,"East","Yes","No","No"
42,20,5290,201,5.8,"West","Yes","No","No"
39,27,5770,793,4,"West","Yes","Yes","No"
44,16,11610,680,3.3,"East","No","No","No"
42,18,6440,186,7.9,"West","Yes","No","No"
25,16,5270,417,3.7,"South","Yes","No","No"
45,28,8880,927,8.8,"West","Yes","Yes","No"
42,15,5010,176,7.8,"East","No","Yes","No"
37,24,5430,532,5.3,"East","Yes","Yes","No"
40,29,7580,624,4.3,"West","Yes","Yes","No"
35,13,5300,267,5.1,"North","Yes","No","No"
28,18,5800,375,3.5,"East","Yes","Yes","No"
27,18,5150,162,7.6,"North","Yes","No","No"
35,14,5940,298,1.8,"East","No","No","No"
25,12,4750,319,8.6,"North","No","Yes","No"
42,16,6340,135,7.5,"East","Yes","No","No"
42,17,5210,910,5.6,"West","No","No","No"
55,15,7780,459,4.8,"East","Yes","Yes","No"
25,17,4840,226,6.1,"West","Yes","No","No"
54,42,8560,540,5.5,"North","No","Yes","No"
31,14,5530,194,4,"West","Yes","Yes","No"
39,23,6350,556,8.3,"North","No","Yes","No"
52,25,7790,795,4.3,"East","Yes","Yes","No"
43,14,6160,1333,4.6,"East","Yes","No","No"
26,14,4840,72,5.4,"West","Yes","Yes","No"
34,14,5220,934,3.7,"North","Yes","Yes","No"
38,18,6340,538,2.5,"North","Yes","No","No"
30,16,4260,874,3.6,"North","Yes","Yes","No"
34,18,5660,138,6.8,"North","No","No","No"
40,27,6840,247,4.8,"East","Yes","Yes","No"
32,24,5750,1032,5.8,"East","No","No","No"
34,16,4850,456,3.8,"South","Yes","No","No"
51,33,12230,2158,4.2,"East","Yes","Yes","No"
55,27,7880,2085,7.1,"North","Yes","No","No"
27,19,5700,899,3.1,"West","No","No","No"
32,20,6470,874,1.3,"East","Yes","Yes","No"
48,15,5550,632,4.9,"North","Yes","No","No"
39,12,4910,80,4.5,"West","Yes","No","No"
50,29,11570,1042,2.3,"East","No","Yes","No"
37,15,5070,406,4.7,"West","Yes","No","No"
52,28,9430,271,5.6,"East","No","Yes","No"
42,26,10170,394,2.4,"East","No","No","No"
41,22,6960,1256,6.3,"West","No","No","No"
46,13,8420,496,4.1,"East","No","Yes","No"
38,22,6260,853,4.7,"East","Yes","No","No"
28,13,6980,620,3.1,"East","Yes","Yes","No"
26,13,4910,747,6.4,"East","Yes","Yes","No"
36,28,5780,220,2.4,"South","Yes","No","No"
42,28,10730,1615,4.1,"North","No","No","No"
44,32,9820,748,5.2,"East","No","Yes","No"
44,25,10190,204,4.9,"East","No","No","No"
50,15,5450,391,2.7,"North","Yes","No","No"
49,38,11270,990,5.8,"North","Yes","No","No"
40,17,6310,318,1.5,"North","No","No","No"
30,16,5800,484,7.8,"West","Yes","No","No"
31,19,6400,243,1.8,"East","No","No","No"
41,15,5190,148,6.9,"West","No","Yes","No"
36,27,6500,419,0.8,"North","No","Yes","No"
48,32,15740,1416,8.9,"North","Yes","Yes","No"
30,15,4740,526,8.6,"West","Yes","No","No"
39,25,6070,417,4,"West","Yes","No","No"
31,19,5160,600,3.2,"North","No","No","No"
47,29,14120,1831,4,"North","Yes","Yes","No"
40,12,4560,532,5.2,"East","Yes","No","No"
27,20,4850,121,4.1,"West","Yes","No","No"
32,23,8750,267,5.5,"North","Yes","No","No"
34,21,7270,266,3.9,"West","Yes","No","No"
30,22,5940,462,5.7,"North","Yes","No","No"
36,13,5380,1188,5.7,"North","Yes","No","No"
54,26,7040,237,3.4,"East","Yes","Yes","No"
31,16,4920,549,4.1,"West","No","Yes","No"
29,13,4970,164,3.6,"West","Yes","Yes","No"
36,17,8030,521,2.6,"East","Yes","No","No"
53,36,25590,4017,4.3,"East","No","No","No"
48,25,6840,157,3.1,"North","Yes","Yes","No"
38,20,6540,616,4,"East","Yes","No","No"
43,34,8760,498,2.9,"North","Yes","No","No"
40,25,13120,2337,9.7,"North","Yes","No","No"
41,33,9420,442,6.4,"North","Yes","Yes","No"
24,16,6450,534,9.4,"East","No","No","No"
30,12,4780,188,5.4,"East","Yes","No","No"
27,19,4670,113,5.6,"West","Yes","Yes","No"
32,22,6890,429,3,"North","Yes","No","No"
42,16,6660,91,5.5,"East","Yes","No","No"
55,46,19090,2057,0.7,"North","Yes","No","No"
41,27,9470,802,6,"South","Yes","No","No"
40,25,7920,934,6.5,"South","Yes","No","No"
43,20,8610,643,8.7,"West","Yes","No","No"
49,23,6560,627,5.3,"North","No","No","No"
35,28,11370,696,5.8,"East","Yes","No","No"
32,17,8320,259,6.6,"East","Yes","Yes","No"
34,27,7250,501,0.9,"East","No","No","No"
41,14,5250,168,5.5,"East","Yes","No","No"
39,27,6470,519,6.9,"West","No","No","No"
41,18,15130,1500,5.8,"North","No","Yes","No"
32,12,6290,1007,4,"East","Yes","No","No"
45,25,12180,649,7.4,"North","Yes","Yes","No"
46,19,6000,1051,5.5,"North","Yes","No","No"
39,30,6030,469,3.6,"West","Yes","No","No"
36,29,8000,1113,2.6,"North","Yes","Yes","No"
41,33,8540,186,5.4,"South","Yes","No","No"
31,18,5880,267,4.7,"East","Yes","Yes","No"
39,20,7150,627,6.6,"North","Yes","Yes","No"
44,12,5210,197,2.9,"North","No","No","No"
36,26,5660,1361,4.8,"East","No","Yes","No"
30,17,4580,95,6.3,"East","Yes","Yes","No"
39,15,5740,363,5.2,"West","No","No","No"
29,15,5390,328,4.7,"West","Yes","Yes","No"
34,16,7500,693,2.9,"East","Yes","No","No"
43,18,6210,469,2.4,"West","Yes","No","No"
32,16,4780,394,4.3,"West","Yes","No","No"
42,13,6580,301,3.3,"South","Yes","Yes","No"
46,29,10320,1314,3.7,"North","Yes","Yes","No"
35,17,6450,229,5.6,"East","No","No","No"
40,17,6610,364,5.1,"North","Yes","Yes","No"
41,19,5760,285,4.5,"East","Yes","No","No"
37,15,5700,216,4,"East","Yes","No","No"
25,14,4820,283,5.2,"East","Yes","Yes","No"
31,21,6020,422,5.6,"North","Yes","Yes","No"
36,14,4890,38,7.9,"East","Yes","No","No"
31,12,5090,1571,5.5,"North","No","Yes","No"
39,28,8870,912,7.7,"North","No","No","No"
43,16,5310,429,2.5,"North","No","No","No"
36,19,6660,251,6.5,"East","No","No","No"
30,12,4600,181,1.3,"South","Yes","No","No"
40,17,6460,562,9.1,"West","No","No","No"
41,23,5390,504,4.2,"North","Yes","Yes","No"
36,13,4890,346,4.6,"North","Yes","Yes","No"
40,13,5140,224,5.3,"East","No","Yes","No"
44,33,9200,587,6.6,"North","No","Yes","No"
29,14,4550,176,5.2,"East","No","No","No"
37,21,7370,280,4.2,"East","Yes","Yes","No"
28,13,5050,326,4.9,"East","Yes","No","No"
44,25,7160,300,4,"North","Yes","Yes","No"
41,28,15920,1754,2.3,"North","Yes","No","No"
42,21,6830,454,3.7,"East","Yes","Yes","No"
38,18,5870,484,5.6,"West","No","No","No"
40,22,7950,578,1.7,"East","Yes","No","No"
54,35,11160,1330,2,"West","Yes","Yes","No"
36,13,6500,735,8.3,"East","Yes","Yes","No"
42,14,5690,464,4.6,"East","Yes","Yes","No"
31,13,5480,1614,5,"South","No","Yes","No"
31,16,5020,349,7.6,"East","No","No","No"
35,12,4470,863,5.1,"West","Yes","Yes","No"
30,21,6080,277,7.2,"East","Yes","No","No"
35,14,5230,228,2.6,"West","Yes","Yes","No"
47,32,11070,2215,6.3,"East","Yes","Yes","No"
31,15,4810,291,6.3,"West","Yes","No","No"
29,19,5830,176,4.4,"East","No","No","No"
43,22,7070,1303,7.2,"West","No","No","No"
50,15,5150,145,5.7,"North","Yes","No","No"
37,16,7730,292,2.1,"East","No","No","No"
44,24,8650,352,4.5,"East","No","No","No"
48,22,9960,743,5.3,"East","Yes","No","No"
42,25,7290,953,3.9,"North","Yes","No","No"
48,16,8930,784,4.8,"East","No","Yes","No"
52,36,9750,325,3.9,"East","Yes","Yes","No"
38,25,5990,412,7.2,"North","No","Yes","No"
28,16,5600,558,5.3,"East","Yes","No","No"
46,17,6380,241,5.8,"North","No","No","No"
28,15,5970,721,4.7,"North","Yes","Yes","No"
27,12,4790,571,2.7,"North","Yes","No","No"
28,17,4390,287,8.2,"North","Yes","No","No"
29,20,5600,345,6.7,"North","Yes","No","No"
35,23,6670,560,2.4,"North","Yes","Yes","No"
29,19,5250,338,3,"North","No","No","No"
40,19,15510,738,4.7,"West","No","Yes","No"
42,14,5160,421,7,"West","Yes","No","No"
47,27,7430,409,4.1,"North","Yes","No","No"
30,13,4740,82,7.6,"West","Yes","No","No"
48,25,8860,559,3,"North","Yes","Yes","No"
34,24,7420,691,5.1,"East","Yes","No","No"
39,17,7400,690,7.5,"East","No","No","No"
31,13,4600,355,5.3,"North","Yes","No","No"
52,18,6200,405,3.1,"North","No","No","No"
36,29,5740,197,6.1,"East","Yes","Yes","No"
47,35,15150,2696,3.4,"West","No","No","No"
31,15,5220,493,7.3,"North","No","No","No"
47,17,5410,83,4.2,"West","Yes","No","No"
52,30,10700,2034,3.6,"East","Yes","Yes","No"
42,15,5320,282,8.1,"East","Yes","Yes","No"
27,20,5290,550,3.5,"East","Yes","No","No"
32,22,6030,265,4.2,"North","Yes","Yes","No"
38,18,6030,325,6.4,"East","Yes","Yes","No"
25,15,4600,245,4.5,"West","Yes","Yes","No"
32,17,11840,576,6.4,"East","Yes","No","No"
37,13,4920,110,2.4,"North","No","No","No"
43,28,9980,1046,5.2,"East","No","Yes","No"
32,18,6480,233,4.3,"North","No","Yes","No"
30,12,4520,701,3.3,"East","No","No","No"
49,18,5400,157,2.7,"North","No","No","No"
39,13,5480,168,6.6,"West","Yes","No","No"
51,17,4880,249,2.7,"West","No","Yes","No"
47,32,10170,254,3.7,"East","Yes","No","No"
42,17,5850,600,3.9,"East","Yes","Yes","No"
46,35,12050,719,3.3,"East","Yes","No","No"
45,29,11200,132,4.9,"South","No","Yes","No"
34,18,5590,675,5.8,"West","No","Yes","No"
41,12,6270,260,2.9,"North","No","No","No"
36,23,5700,312,8.4,"East","Yes","Yes","No"
36,20,9490,1059,1.6,"North","No","No","No"
46,18,9870,627,3,"East","Yes","No","No"
32,19,6380,428,3.9,"North","Yes","No","No"
42,26,6220,277,4.9,"North","No","Yes","No"
36,18,5650,239,7.2,"North","Yes","Yes","No"
50,29,9020,1587,3,"North","No","Yes","No"
51,41,17140,1780,6.9,"North","Yes","No","No"
44,37,11800,483,5.5,"East","Yes","No","No"
34,22,6860,109,5.2,"South","No","No","No"
45,25,8220,816,9.9,"North","Yes","No","No"
51,37,16090,434,3.5,"North","Yes","No","No"
48,35,31410,1325,3.4,"North","No","No","No"
27,15,5730,263,4.7,"North","Yes","Yes","No"
43,20,5570,706,6.7,"South","Yes","No","No"
25,12,6120,128,4.6,"West","Yes","Yes","No"
49,22,6170,380,3.3,"East","Yes","Yes","No"
32,21,8650,2074,5.4,"East","Yes","Yes","No"
45,34,10380,313,5.4,"East","Yes","No","No"
51,17,8590,691,5.5,"East","Yes","Yes","No"
38,18,7360,327,3.3,"West","Yes","No","No"
53,19,9630,348,4.8,"South","Yes","Yes","No"
31,18,6220,434,2.7,"North","Yes","No","No"
38,27,7850,465,4,"North","Yes","No","No"
33,13,5040,239,7.4,"South","No","Yes","No"
42,17,6350,462,2.6,"East","No","No","No"
47,29,6600,9,7.2,"North","Yes","Yes","No"
27,17,4800,300,3.6,"South","No","No","No"
45,29,8400,330,4.9,"East","Yes","No","No"
40,27,10760,295,7,"North","Yes","No","No"
37,16,5170,1124,2.4,"East","No","No","No"
59,17,12640,204,7.2,"East","Yes","No","No"
30,15,5320,940,4.8,"West","Yes","No","No"
32,12,4800,394,5.2,"East","Yes","Yes","No"
33,22,5430,269,5.3,"East","Yes","Yes","No"
46,15,4870,209,2.8,"East","Yes","Yes","No"
50,28,7350,503,2.6,"South","No","Yes","No"
48,21,7610,872,5.8,"North","No","Yes","No"
31,23,5770,474,7.5,"East","Yes","No","No"
41,26,6440,298,3.5,"West","No","Yes","No"
47,37,14380,1978,8.3,"East","Yes","No","No"
37,22,6240,601,3.5,"East","Yes","Yes","No"
39,26,5480,558,8,"West","No","Yes","No"
37,12,5830,487,3.6,"East","No","No","No"
26,16,4880,453,4.4,"North","Yes","Yes","No"
43,34,10080,1370,5.9,"South","No","No","No"
40,23,6290,408,6.1,"East","Yes","No","No"
46,13,5660,945,3,"West","Yes","No","No"
28,12,8010,157,5.5,"East","No","No","No"
32,15,6440,660,5.1,"East","Yes","No","No"
45,20,11890,1096,7.4,"North","Yes","No","No"
31,14,6220,742,3.7,"North","No","No","No"
28,15,4780,236,3.7,"North","Yes","No","No"
36,19,7550,95,4.1,"North","Yes","No","No"
42,22,5940,257,8.3,"North","No","Yes","No"
43,26,20580,897,4.5,"West","No","No","No"
35,22,5930,59,3.2,"West","Yes","No","No"
31,17,7570,890,6.4,"North","Yes","No","No"
45,22,6330,51,2.9,"West","Yes","No","No"
33,21,5060,306,3.6,"North","Yes","No","No"
33,19,5440,860,5.4,"East","Yes","No","No"
56,48,25860,3555,4,"West","Yes","No","No"
40,18,6350,247,4.2,"North","No","Yes","No"
42,30,9630,654,4.9,"North","Yes","No","No"
33,18,5450,1070,5.7,"North","No","Yes","No"
48,35,17210,2340,3.9,"North","Yes","No","No"
47,31,20280,109,6.7,"North","Yes","No","No"
36,17,5160,567,4.6,"North","Yes","Yes","No"
36,29,6650,1073,4.2,"South","Yes","Yes","No"
53,13,5140,175,6.3,"North","No","Yes","No"
48,13,5090,387,4.1,"South","Yes","No","No"
48,36,8960,1204,4.8,"East","No","Yes","No"
37,30,7300,67,4.5,"East","No","Yes","No"
48,17,7670,325,5.8,"East","Yes","No","No"
36,16,5490,675,3.1,"North","Yes","No","No"
36,25,6260,263,4.5,"West","No","No","No"
43,16,5400,428,6.9,"West","Yes","No","No"
34,26,6580,155,7.1,"North","Yes","Yes","No"
35,16,6030,685,2.4,"East","No","Yes","No"
53,31,12760,609,9.9,"West","No","No","No"
41,32,10060,964,3.4,"East","Yes","No","No"
39,12,4720,466,3.5,"South","Yes","No","No"
36,22,9170,305,7.7,"North","No","No","No"
35,17,9710,633,6.8,"South","Yes","Yes","No"
41,25,7740,653,0.3,"North","Yes","Yes","No"
37,28,7060,734,3.4,"East","Yes","No","No"
52,30,12050,1107,6.4,"West","No","No","No"
32,15,6280,590,6.4,"North","No","No","No"
47,28,9500,288,6.9,"East","Yes","Yes","No"
45,32,17790,1360,6.1,"West","Yes","No","No"
52,12,5730,1055,5.6,"South","Yes","No","No"
44,21,6790,236,2.4,"North","No","Yes","No"
34,24,6280,317,3.4,"North","Yes","No","No"
46,28,8240,1062,5.8,"North","No","No","No"
41,18,9530,1423,2.6,"North","Yes","No","No"
37,29,8250,1452,6.5,"North","Yes","No","No"
46,28,9320,280,7.4,"West","Yes","Yes","No"
41,14,6440,775,2,"East","No","No","No"
32,23,6270,844,3.9,"East","Yes","No","No"
49,35,12620,1721,2.6,"West","Yes","No","No"
24,15,4440,426,5.9,"East","Yes","No","No"
45,32,8020,403,5.6,"South","Yes","Yes","No"
25,14,5110,150,4.8,"East","Yes","No","No"
40,26,7970,2372,3.3,"East","Yes","No","No"
38,25,6990,318,3.3,"East","No","No","No"
29,21,8920,672,6.8,"South","Yes","No","No"
37,13,5350,975,4.7,"West","Yes","Yes","No"
41,17,5570,588,8.6,"West","Yes","No","No"
29,16,5080,712,4.1,"East","No","Yes","No"
34,17,4710,1285,5.1,"North","Yes","Yes","No"
41,12,6340,948,2,"North","Yes","Yes","No"
42,31,7700,448,3.8,"West","No","No","No"
44,15,6090,361,5.6,"North","Yes","Yes","No"
46,29,7580,736,5.9,"West","Yes","Yes","No"
29,21,4820,1268,5.5,"South","Yes","Yes","No"
35,20,7020,718,6.2,"South","No","No","No"
52,27,8630,349,6.3,"North","Yes","Yes","No"
33,21,6800,1268,6.7,"North","Yes","No","No"
36,26,7010,534,4.5,"East","No","Yes","No"
44,26,6550,68,7.2,"East","Yes","No","No"
40,21,8030,112,4.6,"North","No","Yes","No"
58,42,18260,823,3.6,"North","Yes","Yes","No"
36,21,9730,970,9,"East","Yes","No","No"
33,19,6770,473,1.4,"West","No","No","No"
46,15,5380,328,7.4,"South","Yes","No","No"
36,24,7610,289,6.3,"North","Yes","Yes","No"
39,25,10640,156,8.2,"East","Yes","No","No"
49,42,16580,162,4.6,"North","No","No","No"
24,12,4650,840,6.5,"West","Yes","No","No"
45,24,7590,2279,4.4,"North","Yes","Yes","No"
32,21,5390,584,4.4,"West","No","No","No"
29,14,4640,308,4,"East","Yes","Yes","No"
36,23,5300,810,8.7,"North","Yes","No","No"
41,31,6430,1203,6,"East","Yes","No","No"
31,16,4970,448,4.4,"North","Yes","Yes","No"
46,32,21920,3011,6.3,"West","Yes","Yes","No"
30,20,5320,634,3.3,"North","No","Yes","No"
37,26,6330,405,5.1,"East","Yes","No","No"
29,20,5460,677,7.7,"West","Yes","No","No"
44,23,9330,616,7.9,"East","No","Yes","No"
46,19,7290,487,6.1,"West","Yes","No","No"
38,20,7100,822,8,"West","No","No","No"
37,18,5260,291,7.1,"North","No","No","No"
26,13,5350,177,3.5,"South","Yes","No","No"
48,38,10490,843,7,"North","No","No","No"
48,32,12170,660,5.8,"East","Yes","No","No"
56,36,11940,1726,6.6,"East","No","No","No"
45,26,6860,509,1.8,"East","Yes","No","No"
53,32,11290,1001,6.1,"North","No","Yes","No"
32,18,6050,609,6.4,"South","Yes","No","No"
48,35,23220,2798,4.8,"West","Yes","No","No"
52,43,16290,2614,4.7,"South","Yes","Yes","No"
51,34,13390,526,3.2,"West","Yes","No","No"
32,17,5700,319,6.5,"South","No","Yes","No"
35,18,5510,448,7.2,"North","No","No","No"
39,17,8450,682,3.2,"North","Yes","No","No"
31,22,5280,637,3.6,"West","No","No","No"
27,12,4960,170,5.2,"East","Yes","Yes","No"
29,15,7870,361,7.8,"North","Yes","No","No"
28,12,4930,137,5.3,"North","No","No","No"
45,14,5820,395,3.7,"East","Yes","No","No"
50,25,9640,492,7,"East","Yes","No","No"
53,25,8420,1156,3.5,"North","Yes","Yes","No"
29,21,8470,612,5.5,"North","Yes","Yes","No"
44,20,5990,451,4.8,"East","Yes","Yes","No"
34,21,5660,350,7.1,"East","Yes","Yes","No"
46,30,9070,462,3.6,"North","No","No","No"
40,17,6870,375,4.4,"North","No","Yes","No"
54,36,36070,1843,9,"North","Yes","No","No"
49,23,11410,379,5.9,"East","Yes","No","No"
33,12,5270,287,0.4,"East","Yes","Yes","No"
38,17,4990,705,4.7,"East","Yes","No","No"
33,20,5110,363,9.4,"East","Yes","Yes","No"
26,13,4890,178,2.2,"North","No","Yes","No"
50,24,5430,457,2.2,"North","Yes","Yes","No"
43,30,7310,1402,4.8,"North","Yes","No","No"
26,12,4580,428,6.6,"East","No","Yes","No"
35,28,8250,405,5.2,"West","No","No","No"
31,23,5840,1376,5.8,"North","Yes","No","No"
35,14,10860,761,4.4,"West","Yes","No","No"
47,19,7930,815,4.2,"East","Yes","No","No"
36,14,5050,250,4.1,"East","Yes","No","No"
41,32,7630,243,5,"West","Yes","No","No"
52,30,9800,2514,5.4,"North","Yes","No","No"
37,29,9510,381,4.2,"North","Yes","Yes","No"
29,21,5540,275,4.1,"North","No","Yes","No"
38,26,7670,734,4.3,"North","Yes","Yes","No"
31,12,7240,827,10.4,"East","No","No","No"
41,17,5860,379,2.5,"North","Yes","No","No"
28,14,5910,567,6.3,"North","Yes","No","No"
42,32,11050,1361,5.5,"East","Yes","No","No"
46,29,9610,777,5.1,"West","Yes","Yes","No"
39,28,7240,225,7.2,"South","Yes","Yes","No"
45,16,6620,830,8.3,"East","Yes","No","No"
25,13,4410,323,4,"North","No","Yes","No"
52,40,10830,475,2.3,"East","Yes","No","No"
23,12,5120,483,7.7,"East","No","No","No"
42,27,8300,1999,5.6,"North","No","No","No"
44,23,7320,276,5,"North","Yes","Yes","No"
35,21,7280,813,2.4,"North","Yes","No","No"
32,20,5050,968,5.1,"East","Yes","No","No"
51,23,6680,616,7.2,"North","Yes","No","No"
23,14,4520,210,1.4,"West","Yes","Yes","No"
42,26,15070,1127,7.1,"North","No","No","No"
52,39,10640,425,3.5,"North","Yes","No","No"
50,41,21470,32,3,"West","Yes","Yes","No"
36,17,7050,121,7.6,"West","Yes","Yes","No"
25,16,5510,765,3,"North","No","Yes","No"
53,23,6690,308,6.8,"North","No","Yes","No"
35,22,7290,860,1,"North","No","No","No"
35,22,5240,358,8.2,"East","No","No","No"
26,14,5270,155,5.9,"North","No","Yes","No"
33,21,5480,515,5.7,"West","Yes","Yes","No"
38,17,5460,380,3.2,"North","Yes","No","No"
39,19,7990,962,2.5,"South","Yes","Yes","No"
33,26,5970,625,3.1,"South","Yes","Yes","No"
52,26,12040,2427,1.3,"East","No","Yes","No"
34,15,4680,363,4.7,"South","No","No","No"
39,32,11720,2567,8.1,"East","Yes","Yes","No"
39,24,7240,2186,4.7,"East","Yes","No","No"
35,19,5180,714,4.2,"North","Yes","Yes","No"
48,23,7650,766,3.5,"North","Yes","Yes","No"
53,39,13780,504,2.1,"East","Yes","No","No"
42,18,5660,672,3.1,"North","No","Yes","No"
26,13,5100,792,2.5,"North","No","Yes","No"
36,21,9190,482,5.3,"West","Yes","No","No"
39,12,6300,509,8.4,"West","Yes","Yes","No"
40,20,16240,1002,5.4,"North","Yes","No","No"
32,21,5590,262,6.8,"East","Yes","Yes","No"
44,26,7420,126,1.5,"West","Yes","No","No"
55,38,26410,2023,2.8,"East","No","No","No"
51,23,7530,286,5.5,"West","Yes","No","No"
39,14,7490,373,2.9,"East","Yes","Yes","No"
48,29,14120,1863,6,"West","No","No","No"
41,33,9380,501,5.2,"West","Yes","Yes","No"
40,22,9680,722,5.1,"North","Yes","No","No"
31,16,5060,154,6,"West","Yes","Yes","No"
32,19,6540,487,4.6,"South","Yes","Yes","No"
48,23,10610,206,6.8,"East","Yes","Yes","No"
51,29,9070,718,1.6,"North","Yes","Yes","No"
44,23,5990,446,7.6,"North","Yes","No","No"
38,20,6830,631,5.9,"North","Yes","No","No"
47,18,6130,435,10.7,"West","No","Yes","No"
29,13,5930,636,4.6,"West","Yes","No","No"
44,24,8160,1020,8.4,"South","No","No","No"
37,18,5800,1153,7.6,"North","No","No","No"
30,16,5360,939,7.9,"North","Yes","No","No"
32,13,5480,72,4.1,"South","Yes","No","No"
36,15,5750,185,2.7,"North","Yes","No","No"
39,22,6020,1194,3.3,"North","No","No","No"
38,18,6150,269,5.6,"East","Yes","No","No"
28,14,5500,376,4,"West","No","Yes","No"
46,16,5320,342,3.8,"West","Yes","No","No"
34,21,7240,1098,2.2,"East","Yes","No","No"
58,46,17180,201,6.7,"East","Yes","No","No"
26,16,4710,141,2.7,"North","No","No","No"
38,19,9380,157,6.5,"East","No","No","No"
35,19,5890,445,4.4,"West","No","Yes","No"
25,13,4850,868,3,"North","Yes","No","No"
39,29,11310,2240,3.2,"North","Yes","No","No"
46,26,6630,435,4.7,"East","No","No","No"
46,16,6160,1005,3.5,"West","Yes","No","No"
57,46,19560,925,5.2,"East","Yes","Yes","No"
45,31,13000,161,0.3,"North","Yes","No","No"
50,16,5660,375,6.4,"West","No","Yes","No"
28,12,6610,904,4.4,"North","No","Yes","No"
26,15,5120,569,6.7,"East","Yes","No","No"
35,20,6400,96,5.7,"North","Yes","No","No"
29,13,5410,155,7.3,"East","No","No","No"
26,15,5090,181,1.6,"West","Yes","No","No"
42,23,7350,610,2.1,"North","No","No","No"
39,29,10330,1239,0.4,"East","No","No","No"
40,28,6090,588,0.1,"North","Yes","No","No"
27,12,5900,423,6.5,"North","No","Yes","No"
59,30,8190,285,4.1,"North","Yes","No","No"
26,13,4450,225,4.1,"North","Yes","Yes","No"
37,23,6080,489,4.8,"West","Yes","No","No"
46,12,4630,332,5.7,"East","Yes","No","No"
31,17,5750,135,8.9,"West","Yes","Yes","No"
43,20,6140,234,3.4,"South","Yes","No","No"
37,15,6530,216,7.5,"West","No","No","No"
36,29,8310,1848,5.8,"North","Yes","No","No"
29,15,4670,1068,2.9,"South","Yes","Yes","No"
38,28,6470,519,1.8,"East","Yes","No","No"
37,19,5550,560,4.3,"North","No","No","No"
37,24,7630,197,8,"North","No","No","No"
37,20,5860,263,5.6,"North","Yes","Yes","No"
36,29,8270,884,5.7,"North","Yes","Yes","No"
37,23,7640,1348,6,"North","No","No","No"
48,38,10640,1192,1.6,"North","Yes","Yes","No"
48,35,9910,806,5.4,"South","No","No","No"
33,15,5620,300,5.5,"East","No","Yes","No"
36,12,5730,1167,5.3,"North","No","Yes","No"
48,28,17400,1818,1.7,"East","Yes","No","No"
42,25,7310,1247,4.3,"West","Yes","No","No"
39,32,9130,835,7.8,"North","Yes","Yes","No"
37,15,5440,84,4.5,"South","No","No","No"
33,19,6230,608,3.1,"North","Yes","Yes","No"
40,12,4740,457,5.2,"South","No","No","No"
33,20,4920,199,8.4,"East","No","No","No"
28,18,5220,367,7.2,"East","No","Yes","No"
27,13,4760,309,5.1,"East","No","No","No"
28,14,5340,519,5.4,"North","No","Yes","No"
28,16,5490,82,5.7,"North","No","No","No"
34,12,4810,681,5,"North","No","Yes","No"
28,19,6080,232,5.5,"South","Yes","No","No"
35,23,6450,340,7.4,"East","Yes","No","No"
31,13,4760,888,6.7,"East","Yes","Yes","No"
32,21,6140,502,3.9,"West","Yes","No","No"
32,12,4590,223,4.6,"North","Yes","No","No"
42,13,5810,292,2.3,"North","No","No","No"
34,18,9780,1369,5.6,"East","Yes","No","No"
32,23,5710,399,4.1,"East","Yes","Yes","No"
26,15,5250,786,8.1,"North","No","Yes","No"
40,24,11390,1918,2.5,"North","Yes","No","No"
26,15,5770,987,4.3,"West","Yes","No","No"
25,18,4970,101,7.2,"West","No","No","No"
36,19,11730,1394,1.7,"North","Yes","Yes","No"
37,13,5630,278,4.2,"South","Yes","No","No"
46,14,5470,85,4.8,"West","No","No","No"
32,16,5010,555,6,"East","No","No","No"
29,19,5470,22,7.9,"North","Yes","No","No"
35,14,4950,56,5.5,"North","No","No","No"
29,13,5350,460,3.3,"West","Yes","Yes","No"
40,19,8050,447,8.1,"North","Yes","No","No"
37,23,6770,249,5.3,"North","No","No","No"
44,13,5680,1284,5.8,"North","Yes","No","No"
27,13,5540,656,2.5,"North","Yes","Yes","No"
36,26,8130,1610,3.3,"North","Yes","No","No"
41,22,6220,640,1.3,"North","No","No","No"
31,20,5750,304,5.6,"North","No","No","No"
54,30,10940,366,5.4,"South","No","Yes","No"
49,12,9250,1150,3,"West","Yes","Yes","No"
60,23,6980,661,5,"East","Yes","No","No"
51,24,5430,459,7.1,"West","Yes","Yes","No"
30,22,6330,1081,6.7,"East","No","Yes","No"
40,13,5550,232,4.3,"North","Yes","No","No"
30,12,6410,86,3,"North","Yes","No","No"
45,38,9040,1790,3.3,"West","Yes","Yes","No"
35,22,7270,1477,3.9,"North","Yes","Yes","No"
34,15,14520,959,8,"East","No","No","No"
34,20,8520,195,5.1,"West","No","Yes","No"
30,19,5090,393,7.6,"South","Yes","No","No"
38,28,10600,722,2,"North","Yes","No","No"
49,33,11550,1099,9.9,"East","No","Yes","No"
28,21,7510,636,3.4,"South","Yes","Yes","No"
35,22,7020,402,9.1,"North","Yes","Yes","No"
50,30,18970,2390,4.9,"North","Yes","Yes","No"
40,23,8360,77,5.1,"East","Yes","No","No"
53,33,8310,386,8,"East","No","Yes","No"
26,17,5040,563,5.8,"North","Yes","No","No"
57,33,11820,677,4.3,"West","Yes","No","No"
55,43,25510,637,4.5,"East","Yes","No","No"
38,27,9590,476,4.8,"East","No","Yes","No"
48,25,6200,721,1.4,"North","Yes","No","No"
42,16,6480,452,7.1,"East","Yes","No","No"
35,12,5030,595,6.7,"South","Yes","No","No"
52,33,9490,388,5.8,"North","Yes","Yes","No"
33,19,8540,339,1.8,"East","No","Yes","No"
43,32,10050,1724,6.2,"West","No","No","No"
49,13,5470,371,5.3,"West","No","No","No"
33,26,6470,254,3.3,"North","No","Yes","No"
30,15,5190,725,1.8,"East","Yes","Yes","No"
48,32,14860,2517,7.3,"East","No","Yes","No"
48,31,9810,731,7.3,"West","Yes","Yes","No"
44,22,6310,411,2.4,"North","Yes","No","No"
27,15,6800,568,0.7,"North","No","No","No"
30,16,6800,472,3.1,"North","Yes","Yes","No"
43,19,8300,404,7.1,"West","Yes","Yes","No"
48,29,19050,2205,2.2,"North","Yes","No","No"
41,33,7860,621,4,"South","Yes","No","No"
46,25,6660,715,1.7,"North","No","No","No"
52,45,26960,3310,8.7,"East","Yes","No","No"
26,19,5580,343,8.4,"South","Yes","No","No"
39,29,10290,227,0.2,"West","No","No","No"
45,18,7240,1222,8.6,"West","Yes","Yes","No"
52,17,5490,450,7.6,"West","Yes","Yes","No"
37,29,9350,571,7,"North","Yes","Yes","No"
32,17,4750,384,3.9,"South","Yes","No","No"
32,17,7040,794,2.4,"North","Yes","No","No"
25,13,4520,374,5.6,"East","Yes","Yes","No"
39,16,6060,101,6.2,"East","Yes","Yes","No"
36,12,5360,507,4.9,"North","Yes","Yes","No"
31,12,4720,430,5.6,"West","No","Yes","No"
51,35,15630,1720,5.6,"North","Yes","Yes","No"
34,25,7430,171,8.8,"South","No","No","No"
30,20,4960,159,4.3,"West","No","No","No"
34,24,6370,430,6.1,"North","Yes","No","No"
50,33,17930,2273,4.9,"North","Yes","No","No"
34,22,7830,565,1.5,"North","Yes","No","No"
47,25,5780,835,6.7,"South","No","No","No"
44,22,7680,361,8.4,"West","Yes","Yes","No"
38,30,6360,1340,6.8,"West","Yes","No","No"
50,41,13640,4023,5.5,"East","Yes","No","No"
34,15,4690,639,5.4,"North","Yes","Yes","No"
50,23,7780,557,0.2,"West","No","Yes","No"
40,13,5540,1084,1.9,"North","No","No","No"
30,18,5330,474,6,"North","Yes","No","No"
47,13,5950,556,3.7,"South","Yes","No","No"
45,21,5110,181,1.2,"North","Yes","No","No"
50,24,7240,620,8,"East","No","No","No"
33,17,5030,860,1.6,"North","No","Yes","No"
30,14,4920,421,0.6,"North","No","Yes","No"
39,20,5140,220,5.9,"North","Yes","No","No"
39,15,5330,899,5.5,"North","Yes","Yes","No"
32,23,5960,22,4.7,"South","Yes","No","No"
51,13,6200,359,3.3,"North","Yes","No","No"
27,18,4530,262,2.9,"East","Yes","Yes","No"
57,24,9740,1139,4.7,"North","Yes","No","No"
29,17,6670,1073,3.3,"West","Yes","No","No"
39,20,10490,1303,4.2,"North","Yes","Yes","No"
34,20,6650,1141,7.7,"North","Yes","Yes","No"
33,17,5160,378,2.1,"North","Yes","No","No"
40,12,7480,926,5.5,"West","No","No","No"
45,32,8880,1337,7.3,"North","Yes","No","No"
42,14,5650,468,6,"West","Yes","Yes","No"
32,22,5620,451,1.9,"North","Yes","No","No"
33,18,7690,977,6.1,"North","No","No","No"
43,23,7270,793,1.8,"West","Yes","Yes","No"
38,18,6540,993,3.4,"North","No","Yes","No"
40,30,7820,879,1.8,"West","No","Yes","No"
48,29,8650,1003,3.4,"North","Yes","No","No"
25,14,5670,285,5.2,"East","No","No","No"
36,13,5510,163,8,"South","Yes","Yes","No"
45,27,7430,566,4.6,"South","No","Yes","No"
33,18,5460,197,5.1,"North","No","No","No"
42,19,9890,609,9.7,"North","No","No","No"
29,21,5800,1106,5.3,"North","Yes","No","No"
29,14,5270,371,7.7,"North","No","No","No"
41,26,6700,514,3.9,"North","No","No","No"
45,20,5170,246,1.3,"West","Yes","Yes","No"
41,19,5810,291,5.7,"East","No","No","No"
45,14,5850,218,1.1,"South","Yes","No","No"
42,27,7570,470,2.1,"North","Yes","Yes","No"
33,18,5040,393,6.6,"East","No","Yes","No"
48,24,18040,808,4.2,"West","Yes","No","No"
44,36,17410,2030,5.6,"West","No","No","No"
40,19,6980,997,5.4,"North","Yes","Yes","No"
36,17,5280,1041,3.5,"North","Yes","No","No"
43,18,5650,396,3.7,"South","Yes","Yes","No"
39,12,7780,316,5.7,"North","No","No","No"
34,12,5220,116,4.7,"North","Yes","Yes","No"
47,37,11400,1794,8.9,"North","Yes","No","No"
37,30,6260,64,3.5,"West","No","No","No"
44,36,13030,1581,6.1,"West","Yes","No","No"
39,32,6830,346,2.3,"North","Yes","No","No"
39,13,7400,178,6.4,"West","Yes","No","No"
41,18,11370,1047,7.8,"West","No","No","No"
45,23,7170,132,5.6,"North","Yes","Yes","No"
41,30,8170,804,3.7,"South","Yes","No","No"
31,17,7220,301,5.2,"West","No","Yes","No"
31,15,7060,324,4.6,"North","Yes","No","No"
47,13,6020,146,3.9,"West","Yes","Yes","No"
46,24,5880,428,3.4,"West","Yes","No","No"
24,17,4740,403,4.1,"West","Yes","Yes","No"
41,21,6990,1065,2.8,"North","Yes","No","No"
42,25,6340,1039,8.2,"East","No","Yes","No"
39,25,6020,419,6.3,"East","No","Yes","No"
46,18,8070,719,6.2,"West","No","Yes","No"
30,23,6200,665,4.2,"West","Yes","No","No"
36,20,5690,391,1.8,"West","Yes","Yes","No"
44,22,7220,685,1.1,"North","Yes","Yes","No"
36,29,11870,1013,6.5,"North","Yes","No","No"
51,16,5890,98,5,"East","Yes","Yes","No"
45,35,11090,1110,9.3,"North","Yes","Yes","No"
35,28,6530,246,0.3,"North","No","No","No"
28,15,5730,662,5.3,"East","No","No","No"
34,15,4870,354,2.4,"South","No","No","No"
47,24,9020,927,5.8,"South","Yes","No","No"
49,17,7550,632,7,"North","No","Yes","No"
40,23,6260,1327,3.3,"North","No","No","No"
33,23,8910,367,7.6,"East","No","No","No"
44,19,6440,877,0.5,"South","Yes","No","No"
29,15,7110,499,4,"North","No","Yes","No"
32,14,5720,398,5.9,"West","No","No","No"
33,17,5440,189,3,"North","Yes","No","No"
31,20,5430,381,4,"West","Yes","Yes","No"
29,19,6760,201,8,"North","Yes","Yes","No"
39,24,9450,733,3.8,"North","No","No","No"
44,31,10260,1632,5.9,"East","Yes","No","No"
34,14,8230,798,3.1,"West","No","Yes","No"
46,29,6700,291,1.1,"North","Yes","Yes","No"
58,27,20010,1492,6.7,"East","No","Yes","No"
27,16,6260,555,1.3,"East","Yes","Yes","No"
35,24,7740,161,0.9,"North","No","No","No"
36,27,6870,677,1.7,"East","No","No","No"
44,28,19110,282,2.3,"West","Yes","Yes","No"
40,31,9030,795,6.1,"North","Yes","Yes","No"
38,24,7210,666,5.2,"North","Yes","No","No"
43,25,6770,573,5.4,"West","Yes","Yes","No"
45,22,7250,453,3.4,"East","Yes","No","No"
46,31,7680,874,5.8,"North","Yes","No","No"
40,26,7060,206,7.2,"North","Yes","No","No"
44,12,5100,530,4.2,"North","Yes","Yes","No"
49,26,6650,306,7.3,"East","No","Yes","No"
23,12,4650,132,7.5,"South","No","No","No"
32,18,5590,393,7.7,"South","Yes","Yes","No"
40,23,7810,411,4.6,"North","Yes","No","No"
44,34,10020,1249,6.7,"North","No","Yes","No"
41,27,9840,1195,3.7,"West","Yes","Yes","No"
38,20,5480,927,4.3,"South","Yes","Yes","No"
40,19,5870,78,0.3,"West","Yes","No","No"
47,38,12360,344,4.4,"North","Yes","No","No"
34,17,5780,558,5,"North","No","No","No"
41,20,5640,597,4.7,"North","No","Yes","No"
38,24,7160,920,4,"West","No","Yes","No"
38,18,7310,204,2.1,"East","Yes","Yes","No"
26,17,4790,156,6.6,"South","Yes","No","No"
53,12,9240,1859,1.5,"North","Yes","Yes","No"
27,20,6020,572,5.7,"East","Yes","Yes","No"
37,30,7300,1128,4.4,"East","No","No","No"
28,12,4900,771,6.9,"South","Yes","Yes","No"
37,16,7080,1064,4.2,"East","Yes","Yes","No"
42,27,6790,320,6.7,"East","No","Yes","No"
31,19,6850,375,4.3,"North","No","Yes","No"
39,14,6120,143,7.2,"West","No","Yes","No"
46,15,6910,87,8,"East","Yes","No","No"
31,19,7270,835,4.1,"East","Yes","No","No"
29,16,5000,30,5.5,"North","No","No","No"
41,23,8590,749,5.2,"West","Yes","No","No"
41,20,10710,347,1.6,"North","Yes","No","No"
32,16,4860,183,6.6,"West","No","No","No"
40,24,6710,434,5.2,"East","Yes","No","No"
35,19,5740,231,6.2,"East","Yes","No","No"
36,28,8570,695,3.6,"North","Yes","No","No"
27,15,6920,743,3.6,"North","No","No","No"
34,13,6400,126,3.9,"East","Yes","No","No"
54,32,17560,958,7.2,"North","Yes","No","No"
35,15,4670,397,9,"East","Yes","No","No"
36,27,9870,214,2.7,"North","Yes","No","No"
40,33,12380,527,6.3,"North","Yes","Yes","No"
36,21,11440,1246,9,"East","Yes","No","No"
29,17,4760,205,2.3,"West","Yes","No","No"
51,33,27830,1107,5.7,"East","Yes","Yes","No"
36,16,5020,160,4.4,"North","Yes","Yes","No"
56,43,16170,949,6.6,"South","Yes","No","No"
35,23,7620,909,10,"North","No","Yes","No"
41,14,5410,584,7.8,"North","No","No","No"
35,16,5740,90,3.5,"North","No","No","No"
58,31,9660,664,6,"East","Yes","Yes","No"
39,27,6310,667,4.1,"North","Yes","No","No"
43,18,6260,343,6.8,"West","Yes","No","No"
32,16,5390,734,6.1,"North","Yes","Yes","No"
35,23,11810,790,7.5,"South","Yes","No","No"
41,24,5760,582,2.6,"South","Yes","Yes","No"
47,17,6310,910,4,"West","Yes","No","No"
40,30,9380,1715,6.7,"East","Yes","Yes","No"
40,20,9620,355,4.4,"South","Yes","No","No"
32,16,5750,386,3.4,"North","Yes","Yes","No"
49,30,8410,689,4.2,"South","No","Yes","No"
33,21,7320,944,6.3,"East","Yes","No","No"
34,14,4990,515,4,"East","Yes","Yes","No"
39,23,9910,1495,3.4,"North","No","Yes","No"
42,19,4970,321,4.4,"East","No","No","No"
46,23,6690,889,7.9,"East","Yes","No","No"
51,34,21690,1667,6.3,"North","Yes","No","No"
49,32,20190,1265,5.7,"West","Yes","Yes","No"
27,13,5860,341,7.5,"East","Yes","Yes","No"
31,20,6800,922,4.7,"North","Yes","Yes","No"
40,17,5000,528,3.7,"South","Yes","Yes","No"
40,27,14540,1179,3.2,"North","No","No","No"
36,22,4750,230,4,"East","Yes","No","No"
39,29,6330,946,6.1,"East","Yes","No","No"
45,20,7260,549,5,"North","Yes","No","No"
40,21,6400,334,2,"East","Yes","No","No"
40,25,6850,404,8.2,"North","Yes","No","No"
34,16,5350,372,5.3,"South","Yes","Yes","No"
36,25,11120,402,6.1,"West","Yes","No","No"
30,21,5980,355,4,"East","No","Yes","No"
47,39,10610,196,5.2,"North","Yes","Yes","No"
39,31,7310,163,6.9,"North","No","Yes","No"
43,28,7340,797,5.9,"West","No","Yes","No"
44,16,5400,646,6.3,"East","Yes","Yes","Yes"
28,16,4710,326,4.3,"West","Yes","No","Yes"
34,20,8710,1668,4.1,"South","No","Yes","Yes"
28,15,5950,617,4.2,"North","Yes","No","Yes"
35,16,6530,338,4.7,"East","Yes","Yes","Yes"
37,12,5430,579,5.2,"South","Yes","No","Yes"
34,16,6410,1236,5.2,"West","Yes","Yes","Yes"
29,18,5750,301,4.8,"East","No","No","Yes"
35,19,4910,779,5.3,"North","Yes","Yes","Yes"
36,16,6510,1292,0.4,"South","Yes","No","Yes"
29,14,8010,200,1.4,"North","Yes","Yes","Yes"
43,16,5650,874,3.6,"South","Yes","No","Yes"
35,14,7380,538,4.9,"East","Yes","Yes","Yes"
36,24,8530,1410,2.7,"East","Yes","Yes","Yes"
34,19,5650,1867,6,"South","Yes","No","Yes"
43,16,5160,555,5.1,"South","Yes","No","Yes"
28,14,4810,1299,3.3,"West","Yes","Yes","Yes"
30,19,5190,429,3.8,"North","Yes","Yes","Yes"
26,13,5030,1092,5.7,"West","No","Yes","Yes"
42,26,8660,1710,5.2,"North","Yes","Yes","Yes"
41,12,5210,149,4.4,"South","No","No","Yes"
30,13,5310,950,3.1,"South","Yes","Yes","Yes"
48,37,11020,2851,7.2,"South","Yes","Yes","Yes"
38,18,5850,1404,5.9,"West","Yes","No","Yes"
32,13,10770,1401,2,"South","No","No","Yes"
37,14,4770,22,2.6,"North","No","No","Yes"
29,15,5150,546,9.7,"North","Yes","Yes","Yes"
32,14,6250,550,6.9,"South","Yes","No","Yes"
27,15,5080,602,4.5,"South","No","No","Yes"
42,13,5610,1231,5.8,"South","Yes","No","Yes"
28,17,6140,1374,1.1,"South","No","No","Yes"
32,13,4610,254,4,"South","Yes","Yes","Yes"
36,12,5480,1110,5.7,"South","No","No","Yes"
33,12,5000,231,4.5,"South","Yes","Yes","Yes"
34,23,9560,1229,5.6,"West","Yes","Yes","Yes"
30,15,10080,1042,2.3,"West","Yes","No","Yes"
26,19,5140,842,5.2,"East","Yes","No","Yes"
27,17,5000,287,0.1,"West","No","No","Yes"
27,13,4330,664,3.5,"West","No","Yes","Yes"
48,25,10640,3004,8.1,"South","Yes","Yes","Yes"
40,16,5630,207,5.3,"South","Yes","No","Yes"
33,25,5790,1579,2.1,"South","Yes","No","Yes"
33,20,7920,1230,4.1,"West","No","No","Yes"
31,12,5530,504,4.6,"North","Yes","Yes","Yes"
50,29,14830,3089,4.1,"South","Yes","No","Yes"
27,13,4790,1333,3.6,"West","Yes","No","Yes"
28,12,4480,592,7,"South","Yes","Yes","Yes"
25,13,5500,1230,1.8,"North","No","No","Yes"
36,13,4750,823,2,"South","No","Yes","Yes"
33,16,7120,1226,10,"West","No","No","Yes"
24,12,5630,857,7.1,"East","No","No","Yes"
25,14,5340,553,3.7,"East","Yes","No","Yes"
35,17,5000,756,8.6,"West","No","No","Yes"
45,31,11350,1162,0.7,"West","Yes","No","Yes"
32,17,4920,1153,6.4,"West","Yes","Yes","Yes"
38,16,6750,928,6.7,"South","No","Yes","Yes"
24,12,4210,1137,6.3,"West","Yes","No","Yes"
26,14,8670,633,2.7,"West","Yes","No","Yes"
40,15,8120,885,1.3,"North","No","No","Yes"
37,14,6350,814,4.8,"North","No","No","Yes"
43,27,7270,585,10,"South","Yes","No","Yes"
39,14,6300,1033,9.3,"West","No","Yes","Yes"
48,14,5510,741,4.6,"East","Yes","Yes","Yes"
30,12,5240,846,4.3,"South","Yes","No","Yes"
27,15,5160,107,2.4,"South","Yes","No","Yes"
38,18,5060,968,9.2,"West","No","Yes","Yes"
29,12,4560,613,1.3,"West","Yes","Yes","Yes"
45,12,5080,881,4.5,"South","No","No","Yes"
26,18,5270,915,3.8,"North","Yes","Yes","Yes"
39,17,6920,1409,1.8,"South","Yes","No","Yes"
44,14,5270,505,8.6,"South","No","No","Yes"
25,17,5110,453,6.8,"West","Yes","No","Yes"
40,12,8740,247,3.5,"South","Yes","No","Yes"
29,15,6280,701,4.7,"South","No","No","Yes"
54,19,6570,419,4,"West","Yes","No","Yes"
45,19,7610,1415,6,"West","Yes","No","Yes"
29,15,5070,623,6.4,"East","Yes","No","Yes"
38,16,10030,707,8.1,"West","Yes","No","Yes"
27,16,5040,99,3.1,"South","Yes","No","Yes"
39,15,10410,1514,3.4,"West","No","No","Yes"
24,14,5010,690,5.9,"North","No","No","Yes"
48,19,18270,2513,5.5,"North","Yes","No","Yes"
32,14,4650,834,8.5,"South","Yes","Yes","Yes"
28,17,5080,845,4.2,"North","Yes","Yes","Yes"
50,35,10810,258,6.1,"South","Yes","No","Yes"
31,17,6350,670,3.6,"South","Yes","No","Yes"
29,20,4940,1455,3.8,"West","Yes","No","Yes"
31,13,5480,481,5.3,"West","Yes","Yes","Yes"
40,12,4750,643,4.1,"West","Yes","Yes","Yes"
34,22,5800,284,7.1,"South","Yes","No","Yes"
31,22,6310,540,5.4,"West","Yes","Yes","Yes"
28,17,5400,441,7.5,"West","No","No","Yes"
43,12,6640,447,10.3,"North","Yes","Yes","Yes"
45,14,5260,386,5.6,"North","No","No","Yes"
31,13,4740,154,3,"West","No","Yes","Yes"
29,19,5020,822,3.9,"West","No","Yes","Yes"
49,16,7490,1253,3.1,"South","Yes","Yes","Yes"
42,12,7910,1140,2.6,"West","No","Yes","Yes"
48,24,9000,2157,7.3,"West","Yes","Yes","Yes"
25,14,4680,1248,1.3,"West","Yes","Yes","Yes"
42,18,9350,795,3.8,"West","Yes","No","Yes"
26,12,4780,417,5.9,"East","Yes","No","Yes"
24,17,5620,239,2.9,"North","Yes","No","Yes"
26,12,5490,704,4.7,"North","Yes","No","Yes"
27,14,4370,562,3.5,"West","Yes","No","Yes"
35,14,4970,842,4.2,"West","Yes","No","Yes"
54,38,11660,1693,6,"West","No","Yes","Yes"
35,27,10500,1263,5.4,"South","No","Yes","Yes"
33,24,9990,1440,6,"North","Yes","No","Yes"
24,12,5650,179,7.2,"South","Yes","Yes","Yes"
40,22,6190,1908,1.5,"South","No","No","Yes"
30,20,6260,1416,6.2,"South","No","No","Yes"
41,15,6820,1467,6.5,"West","No","No","Yes"
45,34,22330,1601,0.9,"East","Yes","No","Yes"
45,26,7500,972,1,"West","Yes","No","Yes"
35,16,5500,1207,5.3,"South","No","Yes","Yes"
28,15,4750,371,5.9,"West","Yes","No","Yes"
36,13,5740,365,9.7,"West","Yes","No","Yes"
23,13,4530,453,3.5,"West","Yes","Yes","Yes"
53,24,6710,1476,2.3,"South","Yes","Yes","Yes"
34,12,4960,355,4.9,"North","Yes","No","Yes"
31,14,4630,231,2.9,"South","Yes","No","Yes"
35,13,5630,681,8.7,"West","Yes","Yes","Yes"
38,21,8710,1361,4.9,"North","Yes","No","Yes"
27,14,5220,1039,3.4,"South","Yes","Yes","Yes"
44,14,7990,2103,4.4,"North","No","No","Yes"
36,25,9170,1086,2.2,"North","Yes","No","Yes"
41,21,10680,1673,5.4,"North","Yes","No","Yes"
33,22,7720,2033,4.8,"North","No","No","Yes"
38,13,5620,771,4,"East","Yes","No","Yes"
32,13,5030,608,8.7,"South","No","No","Yes"
34,15,29010,3591,5.3,"North","Yes","No","Yes"
38,15,6530,1322,5.9,"West","Yes","No","Yes"
49,37,29040,3104,4,"East","No","No","Yes"
32,12,13470,1449,5.5,"South","Yes","No","Yes"
32,12,4870,533,6.5,"West","Yes","Yes","Yes"
38,28,15060,1737,4.4,"West","Yes","No","Yes"
25,16,4400,821,5.7,"North","No","Yes","Yes"
40,13,5530,444,3.4,"West","Yes","No","Yes"
31,14,4970,1135,4.5,"North","Yes","No","Yes"
59,48,30030,5705,6.6,"North","Yes","Yes","Yes"
40,14,6220,1328,5.5,"North","Yes","Yes","Yes"
36,12,5510,613,7.9,"East","No","No","Yes"
43,15,9050,669,1.9,"West","Yes","No","Yes"
53,13,5050,367,4.2,"East","Yes","No","Yes"
36,14,4760,585,7.6,"North","No","Yes","Yes"
31,17,5310,1515,7.5,"South","Yes","Yes","Yes"
26,12,4760,314,5.1,"East","No","Yes","Yes"
33,12,5450,750,8.2,"West","Yes","Yes","Yes"
27,12,5330,150,4.3,"West","Yes","No","Yes"
34,16,4840,624,5.3,"East","Yes","No","Yes"
41,25,10620,2559,8.8,"West","Yes","Yes","Yes"
39,17,9510,539,5.3,"South","No","Yes","Yes"
28,17,4810,1227,4.4,"South","Yes","Yes","Yes"
28,13,4510,855,7.8,"South","Yes","No","Yes"
54,46,27810,4777,5.6,"East","Yes","No","Yes"
28,16,4660,1094,1.6,"North","No","Yes","Yes"
34,18,7680,1301,3.8,"South","Yes","No","Yes"
42,20,5580,1161,3.9,"East","Yes","No","Yes"
40,17,4870,1741,5.1,"South","Yes","Yes","Yes"
51,21,8400,771,7.2,"South","No","Yes","Yes"
50,13,5170,1306,8.1,"South","Yes","Yes","Yes"
36,26,7940,881,4.3,"South","Yes","Yes","Yes"
28,18,5150,376,3.5,"South","Yes","No","Yes"
44,18,6020,125,5.3,"West","Yes","Yes","Yes"
28,14,5570,303,2.7,"South","No","No","Yes"
36,17,6310,1332,6.6,"South","Yes","No","Yes"
48,14,7730,372,8.2,"South","Yes","Yes","Yes"
29,12,4620,545,6.7,"South","Yes","No","Yes"
43,14,5350,957,5.9,"North","Yes","Yes","Yes"
33,13,7400,1135,6.1,"North","Yes","No","Yes"
34,13,5210,770,4.2,"North","No","No","Yes"
31,16,7530,2034,8.8,"West","Yes","No","Yes"
44,13,4740,679,5.7,"West","No","Yes","Yes"
34,21,6000,1483,6.5,"South","Yes","No","Yes"
29,17,7280,1576,2.9,"West","No","Yes","Yes"
48,26,12350,1872,2.9,"North","Yes","Yes","Yes"
43,27,17980,5002,5.5,"North","No","Yes","Yes"
31,23,7910,1063,4.4,"East","No","No","Yes"
55,42,19400,5872,5.5,"West","Yes","Yes","Yes"
33,13,4820,595,2.3,"North","Yes","No","Yes"
43,30,15480,5294,6.1,"South","Yes","Yes","Yes"
32,18,6500,1145,6.9,"South","Yes","Yes","Yes"
50,28,20260,2925,3.6,"North","No","Yes","Yes"
34,21,9000,1229,6.1,"West","No","No","Yes"
38,18,6130,238,4.4,"North","Yes","Yes","Yes"
38,25,12560,2959,9.1,"South","Yes","Yes","Yes"
30,17,7390,855,4.2,"West","Yes","No","Yes"
34,13,4630,512,3.2,"South","No","Yes","Yes"
55,12,5230,1231,6.6,"South","Yes","No","Yes"
42,12,5090,286,4.4,"South","No","Yes","Yes"
37,19,8360,1441,3.4,"South","No","Yes","Yes"
39,16,10830,2813,3.4,"West","Yes","No","Yes"
26,16,6660,327,3.3,"West","No","No","Yes"
38,19,12570,2911,3.6,"West","Yes","No","Yes"
29,17,5410,762,4.9,"North","Yes","Yes","Yes"
27,15,4980,401,6.4,"West","Yes","Yes","Yes"
31,14,7130,1050,5.3,"South","Yes","No","Yes"
43,14,5640,761,4.6,"West","No","Yes","Yes"
37,15,6320,702,5.7,"East","No","No","Yes"
37,12,5280,467,4.1,"West","Yes","No","Yes"
26,16,5640,832,5.5,"West","No","No","Yes"
35,16,6960,889,3.9,"North","No","No","Yes"
51,13,4740,637,5.6,"South","Yes","No","Yes"
26,17,5370,1114,5.3,"West","Yes","Yes","Yes"
31,19,4870,506,5.4,"South","No","Yes","Yes"
31,18,5320,528,5.7,"South","Yes","No","Yes"
33,21,6530,697,3.8,"West","Yes","No","Yes"
33,13,6190,995,5.7,"South","Yes","No","Yes"
25,14,4740,1168,1.9,"North","Yes","No","Yes"
40,12,6730,1424,5.3,"North","Yes","No","Yes"
25,12,5640,605,7.9,"North","Yes","No","Yes"
41,25,7530,560,1.8,"North","Yes","No","Yes"
30,12,5720,416,7.4,"South","Yes","Yes","Yes"
51,22,9330,3554,4.4,"East","No","Yes","Yes"
27,15,6180,944,11,"South","No","No","Yes"
29,19,5910,295,5.4,"West","Yes","Yes","Yes"
35,20,4990,971,3.3,"South","Yes","Yes","Yes"
35,13,5090,211,4.1,"West","Yes","Yes","Yes"
34,12,5360,804,6.5,"North","Yes","No","Yes"
51,12,5520,441,5.5,"West","Yes","No","Yes"
32,19,5690,1032,6.3,"West","No","No","Yes"
43,19,5460,915,5,"West","Yes","Yes","Yes"
45,34,14090,1084,6.3,"South","Yes","No","Yes"
37,12,5730,781,3.8,"South","Yes","Yes","Yes"
44,16,11410,1897,5.7,"South","Yes","Yes","Yes"
41,29,9840,3023,5.2,"South","No","Yes","Yes"
47,13,6960,683,6.1,"East","No","Yes","Yes"
47,29,8580,1077,5.6,"South","No","No","Yes"
38,13,5040,483,5.8,"South","Yes","No","Yes"
35,14,5970,1327,3,"North","Yes","Yes","Yes"
52,17,6090,401,7.6,"South","No","No","Yes"
29,18,5260,1457,7.4,"West","No","Yes","Yes"
42,28,7200,1161,6.1,"North","Yes","Yes","Yes"
40,16,9980,1841,3.3,"West","Yes","No","Yes"
35,16,4970,1184,3.7,"West","No","Yes","Yes"
38,14,4900,1044,3.3,"West","No","No","Yes"
37,16,5390,473,5.1,"East","Yes","No","Yes"
27,18,4820,871,4.7,"West","Yes","No","Yes"
46,14,5600,1115,5.4,"West","No","Yes","Yes"
39,23,9490,1594,3,"South","No","No","Yes"
31,22,6030,757,5.1,"South","Yes","Yes","Yes"
47,35,14260,1980,3.3,"West","Yes","No","Yes"
30,17,7620,536,6.5,"South","Yes","Yes","Yes"
36,20,6430,365,5.5,"North","Yes","Yes","Yes"
43,15,7760,1775,6.1,"West","Yes","Yes","Yes"
23,13,5230,769,4.2,"East","Yes","Yes","Yes"
50,14,5530,106,5.9,"South","No","No","Yes"
25,12,5750,918,7.1,"North","Yes","No","Yes"
36,13,5970,2278,2.5,"West","No","No","Yes"
41,13,5420,726,9.5,"West","Yes","No","Yes"
30,20,6080,37,3.2,"South","Yes","Yes","Yes"
35,17,8600,1562,4.1,"North","No","No","Yes"
26,12,5440,1692,5.5,"North","No","Yes","Yes"
37,26,8610,1497,4.3,"South","Yes","No","Yes"
27,15,5510,117,6.2,"West","Yes","No","Yes"
43,17,9360,1883,3.9,"West","Yes","No","Yes"
36,25,8710,1239,4.1,"South","Yes","No","Yes"
35,27,9890,1978,4.3,"North","Yes","No","Yes"
33,18,5890,838,6.4,"West","No","No","Yes"
34,12,4860,519,4.3,"South","No","Yes","Yes"
43,19,6230,771,2.4,"North","No","Yes","Yes"
49,12,6410,566,4.8,"South","Yes","No","Yes"
40,16,5270,569,8,"North","Yes","Yes","Yes"
30,20,5500,1245,6.1,"South","Yes","Yes","Yes"
34,15,4480,689,2.8,"South","Yes","Yes","Yes"
28,15,5360,204,7.4,"South","No","Yes","Yes"
48,13,5840,315,1.9,"South","Yes","No","Yes"
40,26,5790,761,5.2,"West","Yes","No","Yes"
33,14,4930,423,5,"North","Yes","No","Yes"
28,13,4880,600,4.7,"South","Yes","Yes","Yes"
36,18,5970,1425,3.8,"North","No","No","Yes"
29,13,4860,1352,6.7,"West","No","No","Yes"
37,24,7790,2094,5.3,"South","Yes","Yes","Yes"
33,17,6690,737,2.3,"South","Yes","No","Yes"
44,16,4860,277,3.6,"West","Yes","No","Yes"
43,14,6010,533,5.8,"North","Yes","Yes","Yes"
50,21,13610,600,4.5,"South","Yes","Yes","Yes"
37,20,9020,2195,6,"South","Yes","Yes","Yes"
44,21,9850,1823,6.6,"East","No","Yes","Yes"
46,13,11270,2188,4.1,"West","Yes","No","Yes"
29,16,7970,657,3,"South","Yes","No","Yes"
32,12,6760,1654,4.4,"North","Yes","Yes","Yes"
57,38,28360,1539,6.9,"South","No","No","Yes"
35,27,6210,1341,3.8,"West","Yes","No","Yes"
47,13,5000,1349,6.8,"West","Yes","No","Yes"
40,17,5390,1813,4.1,"West","No","No","Yes"
26,15,5720,86,5.6,"North","Yes","No","Yes"
41,17,5520,304,1.7,"East","Yes","Yes","Yes"
41,18,25960,4197,5.5,"South","No","Yes","Yes"
28,19,5870,339,6.5,"West","Yes","No","Yes"
32,14,4470,750,0.1,"South","Yes","Yes","Yes"
45,13,6830,1714,4.8,"South","Yes","Yes","Yes"
23,13,4830,739,4.9,"West","Yes","No","Yes"
33,12,4870,1048,5.3,"North","Yes","No","Yes"
42,18,6540,2434,6.2,"North","Yes","Yes","Yes"
37,14,5140,810,1.6,"West","No","No","Yes"
40,12,6230,859,2.2,"South","No","No","Yes"
24,13,4380,135,6.6,"South","Yes","No","Yes"
39,16,7840,757,1.6,"West","Yes","No","Yes"
37,18,7190,832,4.8,"West","No","No","Yes"
46,29,6890,803,3,"West","No","Yes","Yes"
36,22,23080,2123,4.7,"North","Yes","Yes","Yes"
48,12,5650,724,8.2,"South","No","No","Yes"
23,12,4390,1072,7.5,"North","Yes","No","Yes"
33,12,4580,380,6.8,"East","Yes","No","Yes"
36,13,6390,777,5.8,"South","No","No","Yes"
28,19,5160,1185,3.8,"West","Yes","No","Yes"
58,19,8500,663,5,"East","Yes","No","Yes"
29,13,5240,1255,5.6,"South","Yes","Yes","Yes"
33,20,6080,854,3.3,"South","No","No","Yes"
26,13,4590,678,7.3,"South","Yes","No","Yes"
42,12,5860,473,7.3,"West","Yes","No","Yes"
42,14,5330,657,7.2,"South","Yes","No","Yes"
42,12,5430,1160,4.6,"West","No","No","Yes"
24,13,4730,1226,4.6,"South","Yes","No","Yes"
26,14,4850,474,2.2,"South","Yes","Yes","Yes"
36,15,8340,1385,6.1,"West","Yes","No","Yes"
50,42,15500,2222,2.4,"South","No","Yes","Yes"
43,18,6390,738,5.3,"East","Yes","No","Yes"
30,16,5080,651,5,"North","Yes","Yes","Yes"
46,34,11580,1696,9,"West","Yes","No","Yes"
32,16,6210,309,4,"South","No","No","Yes"
38,12,5640,130,7.4,"South","Yes","No","Yes"
30,18,9040,1205,8.3,"South","Yes","Yes","Yes"
28,16,5210,1448,6.3,"West","No","No","Yes"
42,14,8340,1233,3.7,"South","No","No","Yes"
35,12,5130,144,2.6,"East","No","No","Yes"
26,13,8210,512,4.3,"West","Yes","No","Yes"
27,18,5070,657,2.9,"West","Yes","Yes","Yes"
43,18,6720,216,3,"North","Yes","Yes","Yes"
33,20,5840,1264,3.9,"South","Yes","Yes","Yes"
44,16,17440,4128,3,"North","Yes","No","Yes"
31,15,5710,223,7.7,"North","No","No","Yes"
45,18,10920,861,3.9,"East","Yes","No","Yes"
30,17,4840,113,4.7,"South","Yes","No","Yes"
28,15,6040,1088,10.9,"North","Yes","No","Yes"
30,17,5630,491,5.3,"West","Yes","Yes","Yes"
24,13,4850,565,6.8,"South","Yes","No","Yes"
31,18,4890,279,2.5,"West","Yes","Yes","Yes"
34,13,4670,568,8.5,"North","Yes","No","Yes"
30,18,6730,556,6.5,"South","Yes","No","Yes"
26,13,4430,970,4.7,"South","Yes","Yes","Yes"
27,12,4470,364,6.2,"West","Yes","No","Yes"
30,14,5190,999,3.8,"North","Yes","No","Yes"
28,15,5640,927,4.7,"South","Yes","Yes","Yes"
33,12,5030,395,5.6,"North","Yes","No","Yes"
49,12,5700,1710,4.3,"South","Yes","Yes","Yes"
30,14,9020,338,2.5,"South","No","Yes","Yes"
42,18,9770,560,5.7,"West","Yes","Yes","Yes"
32,19,11070,1878,1.9,"South","No","No","Yes"
52,33,11470,2429,3.6,"North","Yes","No","Yes"
28,13,7760,721,7.8,"North","Yes","Yes","Yes"
43,27,8170,2573,3.8,"South","Yes","No","Yes"
30,12,9410,426,4.8,"South","No","Yes","Yes"
28,21,4720,1027,8,"West","Yes","No","Yes"
34,19,6690,472,8.5,"South","Yes","No","Yes"
39,13,4960,635,5.7,"North","Yes","No","Yes"
29,20,6000,1693,6.8,"West","No","No","Yes"
38,15,5100,799,3.3,"West","Yes","Yes","Yes"
32,21,6480,618,4.9,"West","No","Yes","Yes"
46,17,7530,1954,6.6,"West","Yes","Yes","Yes"
32,14,4650,1321,9.1,"North","Yes","No","Yes"
29,17,6620,1019,4.7,"East","No","No","Yes"
35,21,8470,1394,2.9,"East","Yes","Yes","Yes"
32,12,5540,1592,4.8,"South","Yes","Yes","Yes"
32,21,9010,765,5.6,"North","Yes","No","Yes"
37,14,6800,565,4.4,"South","Yes","No","Yes"
30,15,6200,467,7.9,"West","Yes","No","Yes"
28,20,6580,1104,6.7,"West","Yes","No","Yes"
29,19,6350,846,7.5,"West","Yes","No","Yes"
35,14,5660,528,8.5,"North","Yes","No","Yes"
38,27,6580,2090,6,"South","No","No","Yes"
47,16,6860,92,6.1,"West","Yes","No","Yes"
35,14,5350,1203,6.5,"West","Yes","No","Yes"
32,20,5570,939,5.8,"North","Yes","No","Yes"
23,12,4470,225,5.3,"South","Yes","Yes","Yes"
28,12,5260,202,3,"North","Yes","No","Yes"
42,13,5390,854,5.5,"West","No","Yes","Yes"
27,13,5180,1381,6.1,"North","Yes","Yes","Yes"
32,15,6600,1281,4.9,"South","Yes","No","Yes"
32,13,4610,1040,5.9,"West","No","No","Yes"
25,12,4510,1419,3.2,"West","Yes","No","Yes"
40,14,7430,711,6.5,"South","Yes","Yes","Yes"
39,16,4930,813,7.1,"West","No","No","Yes"
29,17,5040,184,7.4,"West","Yes","Yes","Yes"
31,18,7440,834,4.7,"South","Yes","Yes","Yes"
28,14,4540,216,3.9,"South","No","No","Yes"
40,17,5730,222,7.5,"West","Yes","Yes","Yes"
38,17,5850,1694,5.5,"East","Yes","No","Yes"
26,13,4830,2041,8.9,"West","Yes","Yes","Yes"
27,14,5230,284,7.7,"North","Yes","No","Yes"
37,18,5510,999,3,"South","Yes","Yes","Yes"
33,12,10620,807,5.7,"North","Yes","Yes","Yes"
33,13,5830,284,4.4,"West","Yes","No","Yes"
26,12,4910,717,4.8,"South","No","Yes","Yes"
45,21,5920,116,4.4,"South","No","No","Yes"
30,13,5660,1030,3,"West","Yes","Yes","Yes"
30,18,5540,1142,7.7,"South","No","No","Yes"
29,21,5940,686,6.1,"West","Yes","Yes","Yes"
31,17,6590,1174,4.9,"East","Yes","No","Yes"
40,12,6160,917,4.1,"South","Yes","Yes","Yes"
41,20,11310,2190,4.8,"South","No","Yes","Yes"
36,15,8160,1175,5.9,"West","Yes","Yes","Yes"
29,13,5710,897,6,"South","Yes","Yes","Yes"
31,14,5490,774,2.5,"South","Yes","Yes","Yes"
38,22,6810,1391,5.3,"West","Yes","No","Yes"
44,12,7400,1004,3.3,"North","Yes","Yes","Yes"
29,13,8920,1807,5.9,"West","No","No","Yes"
30,18,4890,2039,4.3,"North","No","No","Yes"
30,17,8160,523,2.5,"East","Yes","Yes","Yes"
37,20,7360,2570,2,"West","Yes","No","Yes"
26,12,5820,365,4.2,"West","No","No","Yes"
26,12,4750,683,5.5,"North","Yes","No","Yes"
25,12,4780,86,4.4,"West","Yes","No","Yes"
41,13,5730,485,9.2,"South","Yes","Yes","Yes"
56,32,10340,3403,4,"South","Yes","No","Yes"
36,28,5680,1213,3.9,"South","Yes","No","Yes"
47,31,11930,2041,9,"West","No","Yes","Yes"
33,22,6890,1038,4.4,"West","Yes","No","Yes"
30,19,9390,517,5.6,"South","Yes","Yes","Yes"
35,12,5610,765,6.4,"West","Yes","No","Yes"
36,27,7210,1773,7.2,"North","Yes","No","Yes"
41,12,5180,127,7.5,"West","Yes","No","Yes"
45,21,8460,736,7,"South","Yes","No","Yes"
26,14,5490,288,3.2,"South","No","No","Yes"
38,17,9430,386,4.6,"West","Yes","No","Yes"
46,12,5640,875,5.5,"West","No","Yes","Yes"
35,24,10320,3316,5.6,"North","Yes","Yes","Yes"
35,13,7570,1056,8.6,"North","Yes","Yes","Yes"
32,19,7160,712,4.9,"South","Yes","Yes","Yes"
31,15,5230,160,7.3,"West","Yes","Yes","Yes"
37,23,10070,1263,5.5,"South","No","Yes","Yes"
38,18,6240,857,4.3,"South","Yes","Yes","Yes"
37,16,6090,770,3.9,"North","Yes","Yes","Yes"
46,16,7390,1697,9.1,"South","Yes","No","Yes"
39,21,6300,490,6.5,"South","No","No","Yes"
50,15,5960,1054,1.1,"North","Yes","Yes","Yes"
44,26,7110,1164,5.5,"West","No","No","Yes"
31,12,4830,929,5.7,"South","Yes","No","Yes"
33,12,4910,477,2.8,"South","Yes","Yes","Yes"
31,14,6020,285,6,"North","Yes","No","Yes"
32,13,4580,356,4.4,"North","Yes","Yes","Yes"
42,16,5530,835,3.7,"North","No","No","Yes"
33,20,5540,867,5,"West","No","No","Yes"
34,21,6400,471,2.8,"North","No","No","Yes"
29,13,4310,297,2.9,"North","Yes","No","Yes"
37,16,10680,3167,5.2,"North","Yes","No","Yes"
27,13,4850,496,5.2,"West","No","Yes","Yes"
28,13,6100,728,4.9,"North","Yes","No","Yes"
43,14,5940,272,5.9,"West","No","No","Yes"
35,19,12390,552,5.7,"South","No","Yes","Yes"
53,14,6990,530,4.8,"West","No","Yes","Yes"
28,15,6920,1009,3.4,"West","No","No","Yes"
34,12,5860,403,4.6,"South","Yes","Yes","Yes"
24,12,4300,596,9.1,"North","Yes","Yes","Yes"
31,12,8960,1717,6.4,"North","Yes","No","Yes"
32,15,4530,287,5.2,"South","Yes","No","Yes"
29,13,5560,499,3.5,"North","Yes","No","Yes"
35,12,6700,374,6.7,"South","Yes","No","Yes"
57,12,7540,1011,5.3,"South","Yes","Yes","Yes"
34,14,5540,29,4.7,"North","Yes","No","Yes"
47,33,25480,3172,5.8,"East","Yes","Yes","Yes"
31,18,5210,913,8.5,"South","Yes","No","Yes"
34,23,5500,409,9,"South","No","Yes","Yes"
45,37,21290,3436,3.6,"West","No","Yes","Yes"
24,14,4650,225,0.6,"West","Yes","No","Yes"
51,19,15940,1758,4.2,"North","Yes","No","Yes"
31,18,4920,1365,1.8,"West","Yes","No","Yes"
34,15,6660,1291,4.4,"East","Yes","No","Yes"
43,12,5330,705,8.3,"South","Yes","No","Yes"
29,14,5740,513,9.1,"North","Yes","Yes","Yes"
31,15,10170,625,1.5,"North","No","Yes","Yes"
37,18,12230,4322,4.6,"North","Yes","Yes","Yes"
29,12,5590,517,6.7,"North","Yes","No","Yes"
34,14,4760,528,6.9,"East","Yes","No","Yes"
31,20,6150,1076,3.2,"West","Yes","No","Yes"
