"AGE","GENDER","MARITAL","INCOME","CHILDREN","HISTORY","CATALOGS","AMOUNT"
"Old","Female","Single",47500,0,"High",6,755
"Middle","Male","Single",63600,0,"High",6,1318
"Young","Female","Single",13500,0,"Low",18,296
"Middle","Male","Married",85600,1,"High",18,2436
"Middle","Female","Single",68400,0,"High",12,1304
"Young","Male","Married",30400,0,"Low",6,495
"Middle","Female","Single",48100,0,"Medium",12,782
"Middle","Male","Single",68400,0,"High",18,1155
"Middle","Female","Married",51900,3,"Low",6,158
"Old","Male","Married",80700,0,"None",18,3034
"Young","Male","Married",43700,1,"None",12,927
"Middle","Male","Married",111800,3,"High",18,2065
"Middle","Female","Married",44100,1,"Medium",24,704
"Middle","Male","Married",111400,0,"High",12,2136
"Old","Female","Married",110000,0,"High",24,5564
"Middle","Female","Married",83100,1,"None",12,2766
"Old","Female","Married",82800,0,"High",24,3010
"Middle","Male","Married",90100,0,"High",18,1956
"Middle","Male","Single",38600,1,"Low",18,542
"Old","Female","Single",14000,0,"Low",12,410
"Young","Female","Single",14300,2,"Low",6,194
"Young","Male","Married",49800,0,"Medium",12,827
"Old","Female","Married",60200,0,"High",18,2328
"Young","Male","Married",43500,1,"Medium",12,808
"Young","Female","Married",41700,1,"None",6,521
"Middle","Female","Married",92300,3,"Low",18,655
"Middle","Male","Single",62800,3,"None",6,707
"Middle","Female","Married",72900,0,"High",18,2075
"Middle","Female","Married",66900,2,"Medium",12,769
"Young","Male","Single",21700,1,"None",18,774
"Old","Female","Married",39700,0,"Medium",12,573
"Middle","Male","Married",72200,1,"High",12,2082
"Middle","Female","Married",87700,3,"None",24,2446
"Middle","Male","Married",104100,0,"High",24,2636
"Middle","Male","Single",67700,0,"High",12,2226
"Middle","Female","Single",27000,2,"Low",6,183
"Middle","Female","Single",64100,2,"High",24,1595
"Middle","Male","Single",47000,1,"Medium",12,584
"Old","Female","Married",41600,0,"None",18,982
"Old","Female","Single",20100,0,"Low",24,576
"Middle","Male","Single",64000,3,"Low",12,410
"Middle","Female","Married",96800,3,"None",24,3082
"Middle","Male","Married",76200,1,"None",24,2437
"Old","Female","Married",81500,0,"High",18,3655
"Middle","Female","Single",49600,1,"Medium",12,844
"Old","Female","Married",111500,0,"High",18,2510
"Middle","Male","Married",77700,0,"None",6,983
"Young","Male","Married",58900,0,"None",18,1215
"Middle","Male","Married",126500,2,"High",18,2000
"Middle","Female","Married",83300,1,"High",24,2574
"Middle","Female","Married",90500,1,"High",6,1116
"Middle","Female","Married",87200,0,"High",18,3604
"Middle","Female","Married",105300,1,"None",24,3360
"Middle","Female","Single",56000,3,"Medium",6,530
"Middle","Female","Single",46600,0,"Medium",24,906
"Old","Male","Married",69800,0,"High",24,2764
"Middle","Male","Single",60300,0,"High",24,1263
"Young","Male","Married",67800,0,"High",12,1084
"Middle","Male","Single",42300,0,"Medium",24,1051
"Young","Female","Married",33700,0,"None",6,614
"Middle","Male","Single",62700,2,"Medium",12,704
"Young","Female","Single",25900,2,"None",12,449
"Young","Female","Single",15600,1,"Low",6,136
"Old","Female","Single",14600,0,"Low",24,468
"Old","Female","Married",62600,0,"High",6,565
"Young","Male","Married",66700,0,"None",18,1310
"Middle","Male","Married",72500,0,"None",24,2595
"Young","Female","Single",13200,0,"None",24,358
"Middle","Female","Single",51300,0,"Medium",24,1424
"Middle","Male","Single",72300,0,"High",24,4182
"Young","Female","Single",15600,0,"None",12,468
"Middle","Female","Married",90400,1,"High",18,2924
"Middle","Male","Single",71500,0,"None",6,964
"Young","Male","Single",14400,0,"None",24,615
"Young","Male","Single",15000,3,"Low",6,38
"Middle","Male","Single",57600,1,"None",6,1006
"Young","Female","Married",60600,3,"Low",12,307
"Middle","Male","Married",84300,2,"High",18,1648
"Young","Female","Single",24400,1,"Low",6,220
"Young","Female","Single",22100,2,"Low",18,280
"Middle","Male","Married",48800,2,"None",12,1647
"Middle","Female","Married",74700,1,"Medium",6,704
"Young","Female","Single",32400,1,"Medium",24,920
"Old","Female","Single",11400,0,"None",6,258
"Middle","Male","Married",127000,0,"None",12,1821
"Middle","Male","Single",47200,0,"Medium",18,1587
"Middle","Female","Single",48700,2,"Low",12,528
"Young","Male","Single",20400,0,"Medium",18,867
"Middle","Male","Single",39000,0,"None",6,643
"Young","Female","Single",12900,1,"Low",6,107
"Middle","Female","Married",67300,1,"High",18,1513
"Old","Male","Married",134500,0,"High",24,4558
"Old","Male","Married",75500,0,"High",6,741
"Old","Female","Married",33600,2,"Medium",12,805
"Young","Female","Single",16300,1,"None",12,470
"Young","Male","Married",27400,1,"Low",6,278
"Middle","Female","Married",110400,3,"Low",24,1093
"Young","Female","Single",21100,1,"Low",6,470
"Middle","Male","Married",81200,0,"High",24,1856
"Middle","Male","Married",87100,2,"High",18,1688
"Young","Female","Single",21700,3,"None",24,708
"Middle","Female","Single",42200,0,"None",18,1753
"Middle","Male","Single",59000,0,"High",24,3044
"Middle","Female","Single",52700,2,"Low",18,855
"Young","Male","Single",20900,0,"Low",24,550
"Middle","Male","Married",90700,3,"High",24,2265
"Old","Female","Married",91800,0,"None",24,2452
"Young","Female","Single",27900,0,"Medium",18,1184
"Old","Female","Married",70700,0,"High",24,2150
"Middle","Male","Married",79600,2,"None",6,1575
"Middle","Male","Married",96400,1,"High",24,1822
"Middle","Female","Single",46600,2,"None",18,1153
"Old","Male","Married",106600,0,"High",12,1877
"Middle","Female","Married",104900,3,"Low",6,450
"Old","Male","Single",56300,0,"Medium",6,873
"Young","Female","Single",14800,1,"Low",6,209
"Old","Male","Married",58300,0,"Medium",24,1472
"Middle","Male","Single",70200,0,"High",12,1702
"Old","Male","Married",59700,0,"High",18,1857
"Young","Male","Single",25800,0,"None",6,451
"Young","Female","Single",12000,0,"Low",24,344
"Middle","Male","Single",51900,0,"High",18,1492
"Middle","Female","Single",66800,3,"None",24,2098
"Middle","Male","Married",105300,1,"None",18,3505
"Young","Female","Single",13800,3,"Low",6,127
"Young","Male","Single",14800,3,"None",12,436
"Middle","Female","Married",44200,0,"High",24,2524
"Young","Male","Single",10400,0,"None",18,189
"Middle","Female","Single",35200,0,"Medium",12,607
"Young","Female","Single",16100,0,"None",6,202
"Middle","Male","Married",113000,2,"Medium",18,1554
"Middle","Male","Married",63300,2,"None",6,633
"Young","Male","Single",19100,0,"None",6,176
"Middle","Female","Married",93400,2,"None",24,3079
"Old","Female","Married",52500,0,"High",24,2038
"Middle","Female","Married",45400,3,"Medium",24,1203
"Young","Female","Single",21400,3,"None",6,326
"Middle","Female","Single",53700,3,"Low",12,235
"Young","Female","Married",68000,0,"High",24,3688
"Young","Male","Single",17400,0,"None",12,332
"Young","Female","Single",14600,1,"Low",6,143
"Old","Female","Married",100100,0,"High",12,3104
"Middle","Male","Married",103700,1,"High",24,2339
"Young","Female","Single",10800,3,"Low",6,123
"Middle","Female","Married",81700,3,"Low",24,879
"Old","Female","Single",21400,0,"Low",18,498
"Old","Female","Married",114800,0,"High",18,3596
"Old","Female","Married",67900,0,"High",24,2925
"Middle","Male","Married",53700,1,"None",12,1081
"Young","Female","Single",11400,3,"None",12,312
"Young","Male","Married",34300,3,"None",12,1297
"Young","Female","Single",16400,1,"Low",12,218
"Middle","Female","Married",109800,0,"High",18,4279
"Middle","Male","Single",64200,0,"High",18,1642
"Young","Male","Single",17000,0,"None",18,581
"Middle","Female","Single",41400,3,"Low",6,223
"Middle","Female","Single",49100,2,"Low",6,474
"Old","Female","Single",42600,0,"High",24,1790
"Young","Female","Single",11900,1,"Low",6,143
"Middle","Male","Married",113600,2,"High",18,3237
"Middle","Male","Single",52900,1,"None",24,2316
"Young","Female","Single",14300,1,"None",18,458
"Young","Male","Single",21000,0,"Low",24,646
"Middle","Male","Single",59600,2,"Medium",18,1217
"Middle","Female","Single",39700,3,"Low",12,238
"Old","Male","Married",51200,0,"Medium",12,1293
"Middle","Female","Married",88200,0,"None",24,2749
"Middle","Male","Married",122100,0,"High",12,2408
"Old","Female","Married",84800,0,"High",18,2624
"Middle","Male","Married",140000,0,"High",12,4894
"Old","Female","Single",28500,0,"Low",24,621
"Middle","Male","Single",60300,0,"High",6,701
"Young","Female","Married",51900,0,"None",6,780
"Middle","Male","Single",60200,0,"Medium",12,1365
"Middle","Male","Married",81200,0,"High",12,2693
"Old","Male","Married",73100,0,"High",6,1582
"Old","Male","Single",45700,0,"Medium",18,724
"Old","Female","Single",28900,0,"Low",12,830
"Young","Female","Married",60100,0,"None",18,1594
"Middle","Female","Married",84800,1,"None",12,1826
"Old","Female","Married",35000,0,"Medium",6,473
"Young","Female","Married",61700,0,"None",12,1161
"Old","Female","Married",46900,0,"Medium",6,703
"Middle","Female","Married",123600,1,"None",12,1892
"Young","Male","Married",45800,0,"Medium",6,489
"Middle","Male","Married",77800,1,"High",18,1813
"Middle","Female","Single",48700,1,"None",12,1457
"Middle","Female","Single",39000,3,"Low",6,292
"Young","Female","Married",40000,0,"None",6,613
"Middle","Female","Married",118300,1,"None",18,2681
"Young","Female","Single",27100,2,"Low",24,437
"Middle","Female","Married",91000,2,"Medium",6,708
"Middle","Female","Married",35300,0,"Medium",24,1093
"Young","Female","Single",10200,2,"Low",18,213
"Young","Female","Single",12500,1,"Low",6,202
"Old","Female","Single",64600,0,"None",6,1298
"Middle","Male","Married",113800,0,"None",12,3273
"Middle","Male","Married",113400,3,"High",18,1790
"Young","Female","Single",16900,1,"Low",6,247
"Young","Female","Single",13600,1,"Low",6,183
"Middle","Male","Married",100100,1,"High",24,3491
"Old","Female","Married",80000,0,"High",6,1985
"Middle","Male","Married",83900,0,"High",24,1721
"Middle","Male","Married",77000,0,"High",12,2104
"Middle","Female","Married",72900,3,"Low",6,252
"Young","Male","Married",80700,3,"Low",6,202
"Young","Female","Married",40900,1,"Medium",18,962
"Young","Female","Single",26700,1,"None",12,459
"Middle","Male","Married",54700,0,"Medium",18,848
"Old","Female","Married",23600,1,"Low",6,161
"Middle","Male","Single",56900,0,"High",24,1857
"Middle","Male","Single",68700,1,"None",24,1699
"Young","Female","Single",19300,1,"Low",24,308
"Young","Male","Married",20200,1,"Low",24,500
"Middle","Female","Married",61500,3,"Medium",24,1162
"Middle","Female","Married",101700,1,"None",24,2551
"Middle","Female","Married",120800,1,"High",24,5830
"Young","Female","Single",17300,1,"Low",18,381
"Young","Female","Married",42300,0,"None",6,856
"Middle","Male","Single",53300,0,"Medium",18,1720
"Middle","Female","Single",42800,0,"Medium",12,759
"Middle","Male","Married",98400,0,"High",18,3305
"Middle","Female","Single",51200,0,"Medium",18,1257
"Old","Male","Single",62200,0,"None",12,1583
"Middle","Male","Married",109200,3,"Low",24,1102
"Young","Female","Single",11400,2,"None",6,186
"Young","Female","Single",14000,0,"Low",12,229
"Old","Female","Married",97000,0,"None",24,2599
"Young","Female","Single",29600,3,"None",12,774
"Old","Male","Married",71200,1,"Medium",12,638
"Old","Female","Single",15000,0,"Low",12,378
"Middle","Male","Married",64000,1,"None",6,1552
"Old","Male","Married",33000,0,"Medium",12,979
"Old","Female","Married",74400,0,"High",18,2479
"Young","Male","Single",20300,2,"Low",24,450
"Middle","Male","Married",68700,0,"High",24,2763
"Young","Male","Married",53600,3,"Medium",24,1560
"Old","Female","Single",33200,0,"Medium",24,1037
"Young","Female","Married",70900,0,"None",6,690
"Young","Female","Single",23200,3,"None",24,770
"Young","Male","Single",41400,0,"Medium",18,643
"Young","Female","Married",63200,0,"High",24,1512
"Old","Male","Married",107400,0,"High",12,1485
"Young","Male","Single",13900,0,"None",24,570
"Middle","Female","Married",79900,1,"Medium",18,1165
"Middle","Male","Married",120000,3,"High",18,1926
"Old","Male","Married",66300,0,"None",18,2243
"Middle","Female","Single",54400,3,"Low",18,342
"Middle","Male","Married",84200,0,"High",24,1654
"Young","Female","Married",13800,0,"Low",18,363
"Young","Female","Single",14500,1,"Low",6,222
"Young","Male","Single",21300,0,"Low",24,677
"Old","Male","Single",29000,0,"Low",6,482
"Old","Female","Single",14600,1,"Low",24,385
"Old","Male","Single",65300,0,"High",18,1443
"Middle","Female","Married",100800,1,"High",24,1789
"Young","Female","Single",19800,1,"Low",24,991
"Middle","Male","Single",56700,2,"Low",18,536
"Old","Male","Married",90200,0,"High",18,2183
"Young","Male","Single",26100,1,"None",6,494
"Young","Female","Single",15900,0,"Low",18,503
"Young","Female","Single",12700,3,"Low",12,87
"Middle","Male","Single",43200,0,"None",24,917
"Middle","Female","Married",114100,1,"None",24,1976
"Middle","Male","Married",96100,3,"Low",12,316
"Middle","Male","Married",97200,0,"None",12,1634
"Middle","Male","Married",82400,2,"High",24,2035
"Old","Male","Single",62000,0,"High",24,3293
"Young","Female","Single",13400,1,"Low",12,143
"Middle","Male","Married",108200,3,"Low",12,635
"Young","Female","Married",76200,0,"High",12,979
"Middle","Male","Married",81800,1,"High",18,1838
"Young","Female","Single",12000,0,"Low",6,264
"Middle","Male","Married",76100,0,"None",6,719
"Middle","Male","Married",82100,1,"High",18,1308
"Old","Female","Married",103300,0,"High",24,3378
"Young","Male","Single",14200,1,"None",24,400
"Middle","Female","Single",47500,0,"High",6,847
"Young","Female","Single",31300,1,"Low",6,357
"Young","Female","Married",32700,1,"None",18,1276
"Middle","Male","Married",72200,0,"High",24,2492
"Middle","Female","Married",107600,2,"Medium",12,1512
"Middle","Male","Married",109900,2,"Medium",12,870
"Middle","Female","Married",65400,2,"Medium",24,938
"Old","Female","Single",43300,0,"None",12,1584
"Old","Female","Single",51900,0,"Medium",12,1148
"Middle","Female","Married",80600,0,"High",24,2840
"Middle","Female","Single",42700,0,"Medium",12,827
"Young","Male","Single",19000,0,"None",12,428
"Young","Female","Single",14500,1,"Low",6,183
"Middle","Female","Married",68200,1,"None",6,818
"Young","Male","Married",36700,0,"Medium",12,731
"Old","Male","Married",54600,0,"High",24,2163
"Middle","Male","Married",65900,1,"Medium",12,1081
"Young","Male","Single",39600,0,"None",12,1085
"Young","Male","Married",67300,3,"None",6,1212
"Middle","Male","Single",59700,1,"None",18,1422
"Middle","Female","Married",102800,2,"High",18,2238
"Middle","Female","Single",34700,0,"None",18,1615
"Middle","Male","Single",50600,3,"None",6,713
"Middle","Male","Married",106700,2,"Medium",6,607
"Middle","Male","Single",53900,1,"Medium",6,735
"Young","Female","Married",25500,2,"Low",6,139
"Young","Male","Married",46300,1,"Medium",18,1357
"Old","Male","Married",55500,0,"Medium",18,858
"Young","Female","Single",27800,3,"None",12,408
"Middle","Male","Married",118600,1,"None",12,1553
"Middle","Female","Married",130700,3,"None",6,2070
"Old","Male","Single",42800,0,"Medium",12,922
"Middle","Female","Married",118300,1,"High",12,2502
"Young","Female","Single",25600,2,"None",18,426
"Middle","Male","Married",63500,2,"None",24,2321
"Old","Female","Single",30900,0,"Medium",18,862
"Middle","Male","Single",55900,1,"None",24,2555
"Middle","Male","Single",53900,0,"None",12,1186
"Old","Male","Married",84300,0,"High",24,2842
"Old","Male","Single",53400,1,"Medium",12,886
"Middle","Male","Married",96900,1,"High",12,1420
"Middle","Male","Single",55800,1,"None",6,821
"Young","Female","Married",25900,1,"Low",6,242
"Young","Female","Single",22000,1,"Low",12,472
"Middle","Female","Married",96700,2,"Medium",12,1231
"Middle","Female","Single",40200,1,"None",12,881
"Old","Male","Married",26800,0,"Low",12,435
"Young","Female","Single",16700,2,"Low",12,108
"Young","Female","Married",40900,2,"Low",18,576
"Young","Male","Married",41500,3,"None",24,1314
"Young","Male","Single",20900,0,"None",6,296
"Young","Female","Married",69700,2,"Medium",6,584
"Middle","Male","Single",61800,0,"High",24,1156
"Middle","Male","Married",102500,1,"High",24,2464
"Middle","Female","Married",48900,3,"None",18,915
"Middle","Male","Single",60300,0,"None",24,2091
"Young","Male","Married",41600,0,"High",24,1690
"Middle","Male","Single",73700,1,"Medium",12,1274
"Young","Female","Single",27000,1,"None",24,1012
"Middle","Female","Single",43700,0,"Medium",12,950
"Young","Male","Single",10200,2,"None",12,333
"Middle","Female","Married",63300,2,"Medium",24,679
"Young","Female","Single",33200,2,"Medium",12,607
"Old","Female","Married",78800,0,"High",18,3398
"Middle","Male","Married",82500,0,"High",6,859
"Middle","Male","Single",80800,2,"High",18,2444
"Middle","Male","Married",88100,2,"Medium",24,1078
"Middle","Male","Married",124800,3,"High",18,2537
"Young","Male","Single",31900,0,"Medium",6,616
"Middle","Female","Single",53300,3,"None",6,508
"Old","Male","Married",15400,0,"Low",6,297
"Middle","Male","Married",70200,0,"None",6,1583
"Young","Female","Single",23000,3,"Low",6,79
"Middle","Female","Married",82400,2,"Medium",18,657
"Middle","Female","Married",97900,0,"High",24,2149
"Old","Female","Married",88400,0,"High",18,3632
"Middle","Female","Married",86900,0,"High",18,2230
"Middle","Female","Single",45100,1,"Medium",12,448
"Middle","Male","Single",41800,3,"Low",24,301
"Old","Male","Married",74800,0,"High",18,1968
"Middle","Female","Married",73000,1,"Medium",6,490
"Middle","Male","Married",118500,1,"High",24,3063
"Middle","Male","Single",65300,3,"Low",6,193
"Middle","Female","Married",66300,2,"Medium",12,544
"Middle","Male","Married",103900,1,"High",24,2666
"Middle","Female","Married",71900,0,"High",18,1846
"Middle","Male","Married",86100,1,"None",12,1255
"Middle","Male","Married",96300,1,"High",12,1081
"Young","Female","Single",10200,3,"None",6,199
"Middle","Male","Married",96300,2,"None",18,3916
"Old","Female","Single",24000,1,"Low",6,357
"Middle","Female","Married",46700,0,"Medium",24,983
"Middle","Female","Single",53700,2,"None",12,1194
"Middle","Male","Married",108300,2,"None",12,2224
"Young","Female","Single",12100,1,"Low",6,90
"Young","Male","Married",36600,0,"None",6,587
"Old","Male","Married",66300,0,"High",12,1088
"Young","Female","Single",33400,1,"None",6,617
"Middle","Male","Married",70000,1,"None",6,1227
"Middle","Female","Single",47900,1,"Medium",24,662
"Middle","Female","Married",40500,2,"Low",18,622
"Old","Male","Single",69100,0,"High",12,1477
"Young","Female","Single",13300,1,"None",6,236
"Middle","Female","Married",75800,1,"High",12,1830
"Middle","Female","Married",48600,0,"Medium",24,1583
"Old","Female","Single",39600,0,"Medium",12,610
"Young","Female","Single",11700,0,"Low",12,193
"Young","Male","Married",52600,1,"Medium",12,1052
"Young","Male","Single",14600,3,"None",6,307
"Old","Male","Married",123000,0,"High",24,3671
"Old","Female","Married",64600,0,"High",18,2206
"Middle","Female","Single",34600,2,"Medium",18,748
"Middle","Male","Married",74500,0,"High",6,1481
"Old","Male","Married",56600,0,"None",24,1607
"Old","Female","Single",37000,1,"None",6,632
"Young","Female","Single",18400,1,"Low",6,303
"Young","Male","Single",25000,0,"Low",6,264
"Middle","Male","Married",61400,1,"High",24,1575
"Middle","Male","Married",76400,2,"Medium",18,881
"Young","Male","Married",55100,0,"Medium",18,1439
"Old","Female","Married",22800,0,"None",12,452
"Old","Female","Married",10100,1,"Low",6,93
"Young","Male","Single",17800,0,"Low",18,292
"Middle","Female","Married",59100,1,"None",6,1426
"Young","Female","Single",19700,2,"Low",6,330
"Middle","Male","Married",73800,0,"High",24,3120
"Middle","Male","Married",113300,1,"High",18,5151
"Middle","Male","Married",118400,2,"None",12,3941
"Middle","Male","Married",92300,1,"None",24,2141
"Young","Male","Single",11200,0,"None",6,106
"Young","Female","Married",30100,0,"Medium",12,530
"Middle","Female","Single",43500,1,"Medium",12,500
"Middle","Male","Married",97500,0,"High",18,2837
"Old","Male","Married",54600,0,"Medium",24,1246
"Middle","Male","Single",42500,1,"None",6,798
"Middle","Male","Single",82800,0,"None",6,1544
"Old","Male","Married",62300,0,"High",24,2644
"Young","Male","Single",21900,2,"None",6,192
"Middle","Female","Single",35600,3,"Low",18,865
"Middle","Male","Married",96900,0,"High",6,1159
"Young","Female","Married",36900,1,"None",18,1480
"Middle","Female","Married",93500,1,"High",18,1426
"Middle","Male","Married",97300,1,"None",12,3048
"Young","Male","Single",21900,0,"Low",12,276
"Middle","Male","Single",63000,0,"High",24,1910
"Young","Female","Single",11500,3,"None",6,157
"Middle","Male","Single",44600,2,"Low",6,236
"Young","Female","Single",21900,1,"None",12,576
"Middle","Male","Single",45100,1,"Medium",12,794
"Old","Female","Married",74900,0,"High",12,1474
"Young","Male","Single",14200,0,"Low",6,250
"Young","Female","Single",23200,2,"None",24,788
"Old","Male","Married",73300,0,"None",12,1694
"Old","Male","Married",41300,0,"High",24,1985
"Old","Female","Single",32700,0,"Medium",24,1252
"Old","Female","Single",35200,0,"None",12,827
"Young","Female","Single",13100,0,"None",18,314
"Middle","Male","Married",97400,1,"High",6,880
"Young","Female","Single",23100,2,"Low",6,466
"Middle","Male","Single",49200,3,"Low",12,210
"Middle","Male","Single",45000,1,"None",18,902
"Middle","Male","Married",87200,0,"High",18,1274
"Middle","Male","Single",49900,1,"None",24,1631
"Middle","Male","Married",66900,0,"High",12,1220
"Middle","Female","Single",47600,1,"Medium",12,801
"Middle","Female","Single",47900,0,"None",12,1090
"Middle","Male","Single",59400,0,"Medium",18,1699
"Middle","Female","Single",32700,2,"Low",6,273
"Middle","Male","Single",34200,1,"Low",18,523
"Middle","Male","Married",96600,0,"None",12,1437
"Middle","Female","Married",126300,1,"High",6,1888
"Young","Male","Single",31600,1,"None",12,476
"Middle","Female","Married",108100,3,"High",18,2632
"Middle","Female","Single",43300,3,"Low",24,326
"Old","Female","Single",17900,0,"Low",6,446
"Middle","Male","Single",50100,1,"High",18,1071
"Old","Female","Married",74700,0,"High",12,1699
"Old","Male","Married",60000,0,"Medium",6,966
"Young","Male","Single",33400,0,"None",12,567
"Middle","Female","Married",68800,0,"None",6,1658
"Middle","Female","Single",25700,2,"Low",6,173
"Middle","Male","Married",83700,0,"High",24,3344
"Middle","Male","Single",50500,0,"Medium",12,1029
"Young","Female","Single",17300,0,"Low",12,345
"Middle","Male","Single",45800,0,"None",6,712
"Old","Male","Married",108900,0,"High",12,1841
"Middle","Female","Married",60500,2,"Low",6,409
"Old","Female","Married",84100,0,"High",18,2710
"Young","Male","Married",25100,0,"Medium",12,592
"Middle","Male","Married",69900,1,"None",18,2101
"Middle","Male","Married",97100,0,"None",12,1473
"Middle","Female","Married",72200,2,"Medium",18,715
"Old","Female","Married",78900,0,"High",18,2233
"Middle","Female","Single",62500,3,"None",6,921
"Young","Female","Single",17800,1,"Low",6,216
"Middle","Female","Married",105500,1,"High",6,1781
"Middle","Female","Single",46100,2,"Low",12,418
"Young","Male","Single",27100,1,"Low",12,268
"Young","Male","Married",60300,1,"None",6,1252
"Young","Female","Single",12000,0,"Low",6,140
"Middle","Female","Single",48400,0,"Medium",12,992
"Middle","Male","Single",45600,0,"Medium",18,1388
"Middle","Female","Single",35200,2,"Low",6,233
"Middle","Male","Single",60200,0,"High",24,2304
"Middle","Female","Married",53900,1,"High",18,2177
"Middle","Male","Married",70400,2,"None",12,1127
"Young","Male","Married",36900,0,"Medium",18,721
"Old","Female","Single",36100,0,"Medium",12,438
"Young","Female","Single",11000,2,"None",18,393
"Middle","Male","Single",61600,0,"None",18,1666
"Middle","Male","Married",88700,1,"None",18,2448
"Middle","Female","Married",88600,1,"High",18,2563
"Middle","Male","Married",79500,0,"High",18,1763
"Young","Female","Single",18900,1,"Low",6,184
"Old","Female","Single",17300,0,"Low",6,166
"Middle","Female","Married",81400,2,"None",6,1014
"Young","Male","Married",36500,0,"Medium",24,1140
"Middle","Female","Single",43300,1,"None",18,1021
"Middle","Male","Married",76700,1,"Medium",24,1431
"Middle","Male","Married",123000,1,"High",24,5878
"Middle","Male","Single",56300,3,"Low",6,321
"Middle","Male","Married",70000,0,"High",24,1974
"Middle","Male","Single",48100,0,"Medium",18,1640
"Young","Female","Married",79400,0,"None",6,1175
"Middle","Female","Married",63700,3,"Low",12,364
"Young","Male","Single",21200,0,"None",12,417
"Middle","Male","Single",53900,0,"Medium",12,1060
"Old","Female","Married",118800,0,"High",18,2176
"Middle","Female","Married",79400,3,"Low",6,200
"Old","Female","Single",20400,0,"None",24,513
"Middle","Male","Single",52400,0,"None",18,857
"Old","Female","Single",17600,0,"Low",6,224
"Young","Male","Single",23500,0,"Low",12,371
"Young","Male","Married",56900,2,"Low",12,687
"Middle","Male","Married",95100,2,"Medium",12,809
"Middle","Male","Married",119800,2,"Medium",24,2090
"Old","Male","Single",58700,0,"None",24,1479
"Middle","Female","Married",76700,2,"Medium",6,534
"Middle","Male","Married",67600,1,"Medium",18,1172
"Middle","Male","Single",61500,2,"Medium",24,968
"Old","Female","Married",72900,0,"High",6,753
"Old","Female","Single",21200,0,"Low",6,242
"Old","Male","Single",32400,1,"Low",12,515
"Middle","Female","Married",62200,3,"None",24,2119
"Old","Female","Single",24400,0,"Low",6,491
"Middle","Male","Married",66500,3,"Low",12,286
"Old","Female","Married",72200,0,"High",24,3069
"Young","Female","Single",16900,2,"None",6,281
"Young","Male","Married",56300,0,"None",24,1608
"Old","Female","Single",22000,0,"Medium",12,736
"Young","Female","Single",18800,2,"Low",18,170
"Young","Female","Single",26600,2,"Low",24,245
"Middle","Female","Married",72100,0,"High",24,3052
"Middle","Male","Single",55600,0,"High",18,1786
"Young","Female","Single",14600,3,"Low",6,47
"Old","Male","Married",45900,0,"Medium",24,1645
"Young","Female","Single",15100,0,"Low",6,274
"Middle","Male","Married",90300,0,"High",24,1944
"Old","Male","Married",95900,0,"High",24,2585
"Young","Male","Single",20800,0,"None",6,260
"Middle","Male","Married",98400,0,"High",12,1414
"Young","Female","Single",15000,2,"None",12,341
"Young","Male","Single",17700,1,"Low",12,268
"Middle","Male","Married",102400,1,"High",18,1237
"Young","Male","Single",17800,1,"None",18,589
"Young","Male","Single",13800,1,"Low",12,368
"Middle","Female","Single",50500,1,"Medium",12,940
"Middle","Female","Single",42000,3,"Low",18,232
"Middle","Male","Married",95800,3,"Low",12,678
"Young","Male","Single",15200,0,"None",12,324
"Young","Male","Single",15800,2,"Low",12,147
"Old","Male","Single",51400,0,"None",6,694
"Old","Female","Married",38200,0,"Medium",6,526
"Middle","Female","Single",39900,1,"Low",12,586
"Young","Female","Single",21600,2,"None",12,491
"Old","Female","Married",65900,0,"High",24,1436
"Middle","Female","Married",97500,1,"High",12,1280
"Middle","Male","Married",63000,0,"High",18,2107
"Young","Female","Single",31900,0,"None",12,860
"Middle","Female","Single",45500,1,"None",18,1624
"Old","Female","Single",12800,0,"None",12,230
"Old","Female","Married",12600,2,"Low",12,164
"Middle","Male","Single",50700,3,"Low",6,157
"Young","Female","Single",17900,3,"Low",6,62
"Young","Female","Single",14400,1,"Low",18,223
"Old","Female","Single",23800,0,"Low",6,438
"Middle","Male","Married",84700,3,"None",24,2705
"Middle","Female","Single",36900,1,"Low",6,371
"Old","Female","Single",20600,0,"Low",6,201
"Young","Male","Married",41500,0,"None",24,1213
"Middle","Male","Married",83100,2,"Medium",6,586
"Middle","Male","Married",88700,2,"High",24,2693
"Old","Female","Married",54700,0,"Medium",24,1404
"Middle","Male","Single",68900,2,"None",18,2784
"Young","Female","Single",22200,2,"Low",18,275
"Middle","Female","Married",70900,1,"Medium",12,794
"Middle","Male","Single",55900,0,"Medium",12,964
"Middle","Female","Married",80800,1,"None",18,1598
"Middle","Male","Married",100600,3,"High",24,2838
"Old","Female","Single",39900,0,"None",6,619
"Young","Female","Married",71200,3,"Low",12,392
"Old","Female","Married",61000,0,"None",18,1850
"Old","Male","Single",38700,0,"None",24,1506
"Middle","Male","Married",98900,0,"None",18,3126
"Middle","Male","Single",64300,0,"None",6,1325
"Middle","Female","Married",75600,0,"None",12,1541
"Young","Female","Married",53700,0,"High",24,2491
"Middle","Male","Single",66600,0,"High",18,1177
"Old","Female","Married",89000,0,"High",12,1487
"Young","Female","Single",18200,2,"Low",12,322
"Young","Female","Married",73600,1,"Medium",6,647
"Middle","Female","Single",45600,0,"High",12,1322
"Young","Male","Married",73000,0,"None",6,1534
"Young","Male","Single",29600,3,"None",12,583
"Middle","Male","Married",92900,1,"None",6,1705
"Old","Female","Single",13900,0,"Low",6,191
"Young","Male","Married",64300,3,"Low",6,239
"Middle","Male","Married",77100,2,"Medium",6,568
"Young","Female","Single",27500,3,"None",12,571
"Old","Male","Married",81800,0,"High",6,919
"Old","Female","Married",41700,0,"Medium",18,1398
"Old","Female","Married",51000,0,"Medium",12,1025
"Middle","Male","Single",55900,1,"Medium",12,909
"Young","Male","Single",19800,2,"Low",12,209
"Young","Male","Single",17600,0,"None",6,245
"Middle","Male","Married",84100,1,"High",24,2362
"Middle","Male","Married",85600,0,"High",24,3380
"Young","Male","Single",13400,0,"Low",18,424
"Young","Female","Married",47200,1,"Medium",12,1272
"Middle","Male","Married",96300,1,"High",24,1909
"Middle","Male","Married",60500,3,"Low",12,340
"Middle","Female","Single",35800,1,"None",24,1355
"Middle","Male","Married",106100,3,"Low",12,472
"Young","Male","Single",18000,0,"Low",12,303
"Middle","Male","Single",50000,1,"None",6,1079
"Old","Female","Single",58200,0,"Medium",18,981
"Young","Female","Single",13500,2,"Low",12,160
"Middle","Female","Married",59900,1,"None",6,613
"Young","Female","Single",18400,1,"Low",12,662
"Middle","Male","Married",62800,3,"Low",6,177
"Middle","Male","Single",70000,0,"High",6,785
"Young","Female","Single",13600,1,"None",18,349
"Middle","Female","Married",97400,3,"Low",6,213
"Old","Female","Married",37500,0,"Medium",18,1578
"Old","Female","Single",22800,0,"Low",6,258
"Young","Female","Single",14200,0,"None",6,192
"Young","Male","Single",18700,0,"Low",12,289
"Middle","Male","Married",107400,1,"High",24,1821
"Young","Female","Single",28900,0,"Medium",24,905
"Middle","Male","Married",38400,2,"Low",6,188
"Middle","Male","Single",54200,0,"None",18,1405
"Old","Male","Married",102700,0,"None",18,2381
"Young","Female","Single",13300,1,"Low",6,184
"Middle","Male","Single",60200,3,"None",12,1364
"Young","Male","Single",21400,0,"None",12,414
"Young","Female","Single",21700,2,"None",6,387
"Young","Male","Single",23200,1,"Low",24,504
"Middle","Male","Married",64800,2,"Medium",12,574
"Middle","Male","Single",55600,0,"Medium",6,984
"Middle","Male","Married",89500,0,"High",24,5209
"Young","Female","Single",12500,1,"None",12,422
"Middle","Male","Married",87000,0,"High",24,1594
"Middle","Female","Single",31200,3,"None",24,1087
"Young","Female","Single",13700,1,"None",6,163
"Middle","Male","Single",55500,3,"Low",18,427
"Middle","Female","Single",58600,1,"Medium",6,624
"Young","Female","Married",55900,1,"None",6,788
"Young","Female","Single",13700,2,"None",24,414
"Old","Female","Married",81400,0,"High",24,3001
"Old","Female","Married",90500,0,"High",6,863
"Middle","Female","Married",82200,1,"None",12,1517
"Middle","Male","Married",65400,3,"None",6,836
"Middle","Male","Single",74400,0,"High",12,1152
"Young","Male","Married",63300,3,"None",6,1408
"Young","Male","Married",51600,0,"None",12,1082
"Young","Male","Married",55000,0,"None",12,1162
"Middle","Female","Single",43900,2,"Low",6,358
"Young","Female","Single",20300,1,"Low",12,304
"Young","Female","Single",16300,0,"None",12,360
"Middle","Male","Married",97600,2,"Medium",12,1162
"Old","Female","Single",15100,0,"Low",6,348
"Young","Female","Single",12500,3,"None",12,206
"Young","Female","Single",10600,2,"Low",12,114
"Middle","Female","Single",41300,1,"None",18,932
"Young","Female","Single",27200,2,"Low",18,446
"Middle","Male","Married",102400,1,"None",12,2466
"Young","Female","Single",27900,1,"None",12,576
"Old","Male","Married",23800,0,"None",12,428
"Middle","Male","Married",100000,1,"High",24,2247
"Middle","Female","Married",43300,3,"Medium",24,716
"Middle","Male","Married",65800,1,"None",12,1017
"Middle","Female","Married",49700,2,"Low",18,613
"Middle","Female","Married",82300,2,"Medium",12,580
"Middle","Male","Single",41200,0,"Medium",12,841
"Young","Male","Single",29200,0,"Low",18,737
"Middle","Female","Single",51900,2,"None",12,1162
"Middle","Female","Married",85500,2,"Medium",18,895
"Young","Female","Single",12400,3,"Low",18,205
"Middle","Female","Married",111900,1,"None",12,2340
"Middle","Female","Single",40400,1,"Low",24,630
"Young","Male","Single",10900,0,"Low",24,407
"Middle","Male","Married",82400,3,"None",18,2122
"Young","Female","Single",13200,1,"Low",12,227
"Middle","Male","Single",57800,0,"Medium",24,1149
"Old","Female","Married",52200,1,"Medium",12,669
"Middle","Male","Married",64600,2,"None",24,2935
"Middle","Female","Single",43100,0,"None",24,1444
"Old","Female","Married",40100,0,"Medium",12,1384
"Old","Male","Married",84500,0,"None",12,1557
"Old","Male","Married",34500,0,"Medium",12,802
"Young","Female","Married",61000,1,"None",18,1611
"Old","Female","Married",79300,0,"None",12,2047
"Middle","Male","Single",44500,0,"Medium",24,1175
"Young","Male","Married",39700,0,"Medium",18,1011
"Old","Female","Single",30300,0,"Low",18,1062
"Young","Female","Single",20100,1,"Low",12,271
"Old","Male","Married",86500,0,"High",24,2690
"Old","Female","Single",42500,0,"Medium",24,918
"Middle","Male","Married",102300,0,"High",24,2438
"Middle","Female","Single",52600,2,"Medium",12,1307
"Middle","Female","Single",37800,2,"None",12,1185
"Young","Female","Single",20300,2,"Low",12,180
"Middle","Male","Married",71600,1,"None",12,1198
"Young","Male","Married",54500,1,"Medium",18,1001
"Middle","Male","Single",54700,0,"Medium",24,1355
"Middle","Male","Single",58600,2,"None",6,989
"Middle","Male","Single",53800,0,"High",12,1803
"Middle","Female","Married",131500,3,"None",6,2840
"Middle","Male","Single",52200,0,"High",24,1909
"Young","Male","Married",37200,1,"Low",6,247
"Young","Male","Single",22900,1,"None",12,814
"Young","Male","Married",55500,3,"Low",12,216
"Young","Female","Single",12800,1,"None",24,365
"Young","Female","Single",17600,2,"Low",18,163
"Old","Female","Single",28300,0,"Medium",24,933
"Old","Male","Single",41900,0,"Medium",6,654
"Young","Female","Single",14100,3,"None",6,153
"Middle","Male","Single",52100,0,"None",12,1668
"Middle","Male","Single",38700,1,"Medium",18,1009
"Middle","Female","Single",44100,1,"Medium",18,1659
"Middle","Male","Married",79200,1,"High",6,1905
"Young","Female","Single",22600,3,"None",6,521
"Middle","Male","Single",55100,2,"None",6,826
"Old","Female","Married",70400,0,"High",18,2610
"Middle","Male","Married",107300,2,"Medium",24,1194
"Middle","Female","Married",66500,1,"None",24,1181
"Young","Male","Single",10200,0,"None",24,362
"Young","Female","Single",41000,1,"Medium",12,768
"Middle","Female","Single",26200,1,"Low",12,381
"Middle","Male","Married",72200,3,"Medium",18,1811
"Middle","Male","Single",36700,1,"Medium",24,1218
"Old","Male","Married",74500,0,"None",18,1413
"Middle","Female","Single",60200,1,"None",12,1748
"Old","Male","Single",34500,0,"Medium",24,639
"Old","Female","Married",83700,0,"High",18,1582
"Young","Male","Single",14800,1,"None",12,376
"Middle","Male","Married",106400,0,"None",12,1757
"Young","Female","Married",42000,3,"Low",6,105
"Middle","Male","Married",118800,0,"High",12,2631
"Young","Female","Single",21900,2,"Low",24,486
"Middle","Male","Single",39500,1,"None",6,412
"Middle","Male","Single",45900,0,"Medium",12,716
"Young","Female","Married",37100,2,"Low",24,653
"Middle","Female","Single",28200,1,"Low",6,224
"Middle","Male","Married",74600,2,"Medium",18,705
"Middle","Male","Married",122700,1,"None",18,4984
"Young","Female","Single",14200,2,"Low",18,197
"Middle","Male","Married",75500,0,"None",18,2450
"Middle","Male","Single",62900,0,"None",24,2561
"Young","Male","Single",19400,0,"Low",6,563
"Middle","Female","Single",46600,0,"None",12,546
"Middle","Male","Married",79700,1,"High",24,3384
"Middle","Male","Single",45900,2,"Low",12,416
"Old","Female","Married",42800,0,"Medium",6,685
"Old","Male","Married",65500,0,"High",24,1931
"Old","Female","Single",33600,0,"Medium",12,573
"Middle","Female","Single",55600,1,"High",18,1553
"Young","Female","Single",24000,2,"None",6,362
"Young","Male","Single",25700,0,"Medium",18,907
"Old","Female","Married",21500,0,"Low",18,445
"Old","Female","Married",68600,0,"High",18,1342
"Young","Female","Single",23100,2,"Low",12,457
"Middle","Female","Married",53300,0,"Medium",24,1598
"Old","Female","Married",112800,0,"High",12,1861
"Old","Male","Married",124900,0,"High",18,4109
"Middle","Female","Single",72200,0,"None",18,3278
"Middle","Male","Single",35100,1,"Low",6,421
"Old","Female","Single",14900,0,"None",12,275
"Middle","Male","Single",72000,0,"High",12,1475
"Middle","Male","Married",82400,0,"High",18,1779
"Young","Male","Married",41600,3,"None",24,1634
"Middle","Female","Married",68500,2,"None",12,1500
"Young","Male","Married",62200,0,"High",24,1348
"Old","Female","Single",35900,0,"None",12,962
"Young","Male","Single",14100,0,"Low",12,328
"Young","Female","Married",36500,1,"None",18,747
"Middle","Female","Married",86400,1,"High",12,1713
"Old","Female","Married",39500,0,"Medium",12,1006
"Old","Male","Married",85300,0,"None",12,2523
"Old","Female","Married",110700,0,"High",12,2458
"Young","Male","Single",17700,0,"Low",18,742
"Young","Female","Married",33200,1,"None",24,1639
"Middle","Female","Single",53800,0,"Medium",12,843
"Old","Male","Single",44400,0,"Medium",18,886
"Middle","Female","Married",135700,1,"High",24,2746
"Young","Female","Single",20700,1,"Low",12,550
"Middle","Male","Married",83500,2,"High",24,2098
"Middle","Female","Married",84200,2,"Medium",24,954
"Middle","Female","Married",79900,1,"Medium",12,1041
"Old","Female","Single",19700,0,"Low",6,535
"Middle","Female","Single",35300,0,"None",18,1369
"Old","Male","Married",52000,0,"High",18,2545
"Young","Male","Single",21300,1,"None",12,329
"Middle","Male","Single",63700,0,"None",6,1351
"Old","Female","Married",25900,0,"Low",18,582
"Middle","Male","Married",65800,2,"Medium",18,578
"Old","Female","Single",11000,0,"None",24,195
"Old","Female","Married",65900,0,"High",12,777
"Middle","Female","Married",108100,1,"High",12,1133
"Middle","Male","Married",107300,2,"Medium",18,1566
"Middle","Female","Married",79500,0,"High",12,1651
"Middle","Female","Married",95900,0,"None",24,3168
"Middle","Male","Single",45200,1,"Medium",18,699
"Middle","Male","Married",98500,0,"High",18,2034
"Old","Female","Married",96200,0,"High",12,1457
"Young","Male","Single",17900,0,"None",18,395
"Middle","Male","Married",42700,0,"Medium",6,541
"Middle","Male","Single",49700,0,"High",24,2844
"Middle","Female","Single",43000,3,"Low",24,225
"Young","Female","Single",15500,1,"Low",6,210
"Young","Male","Single",13000,3,"Low",6,43
"Middle","Female","Single",27200,3,"Low",24,243
"Old","Female","Married",26700,0,"Low",24,1120
"Old","Male","Single",61000,0,"High",6,975
"Middle","Female","Married",76600,3,"None",24,2904
"Middle","Male","Married",117500,2,"Medium",12,927
"Old","Male","Married",90600,0,"High",24,3167
"Young","Female","Single",12600,0,"Low",6,241
"Old","Female","Single",12700,2,"Low",6,65
"Middle","Female","Married",77600,3,"Medium",12,858
"Middle","Female","Married",92400,1,"None",6,2191
"Old","Female","Married",71800,0,"High",24,1946
"Middle","Male","Married",95800,3,"None",12,2581
"Young","Female","Single",32600,3,"Low",12,172
"Middle","Male","Married",74500,2,"Medium",12,824
"Old","Female","Single",29200,0,"Low",12,556
"Young","Female","Single",12900,1,"Low",6,167
"Middle","Male","Married",117700,1,"High",12,2104
"Middle","Female","Married",64100,1,"Medium",18,1332
"Middle","Female","Single",46500,1,"Medium",24,829
"Young","Female","Single",12400,1,"None",12,229
"Middle","Male","Married",130600,0,"High",18,3442
"Middle","Male","Married",74400,0,"High",6,1893
"Old","Female","Single",40600,2,"Medium",6,690
"Young","Female","Married",54200,1,"Medium",6,486
"Middle","Male","Single",65400,1,"High",12,2290
"Middle","Male","Single",49100,0,"None",6,934
"Young","Female","Single",10600,2,"None",24,517
"Young","Female","Married",76400,0,"None",12,2216
"Middle","Female","Married",93700,1,"High",24,1521
"Middle","Male","Single",49000,0,"High",18,1523
"Middle","Female","Married",96500,1,"High",18,1364
"Middle","Male","Single",55600,0,"None",12,952
"Middle","Male","Married",99600,1,"High",6,871
"Middle","Female","Married",79900,3,"Low",12,295
"Old","Female","Married",50500,0,"Medium",12,642
"Old","Female","Single",16300,0,"Low",6,317
"Old","Female","Married",49200,0,"Medium",12,1078
"Middle","Male","Single",48100,2,"Medium",18,961
"Middle","Male","Single",61300,2,"High",24,1241
"Middle","Female","Married",72600,1,"None",18,1999
"Young","Male","Single",19500,0,"None",24,571
"Young","Female","Single",17200,1,"None",12,329
"Middle","Male","Single",51100,0,"High",24,1984
"Middle","Male","Single",76800,1,"Medium",18,1061
"Middle","Male","Single",60200,0,"High",12,1955
"Middle","Male","Single",59100,2,"Low",18,580
"Old","Female","Single",32500,0,"Medium",24,883
"Middle","Female","Single",49500,2,"Medium",12,1195
"Middle","Male","Married",109600,1,"High",12,2318
"Young","Female","Married",47300,0,"None",6,640
"Middle","Male","Married",93000,1,"High",24,2644
"Young","Female","Single",32000,1,"None",24,1320
"Young","Female","Single",44700,1,"Medium",6,502
"Old","Female","Married",69400,0,"High",18,2419
"Middle","Male","Married",64300,2,"Medium",6,661
"Middle","Male","Single",75400,0,"High",24,2723
"Middle","Male","Married",96100,0,"High",6,1588
"Old","Female","Married",118000,3,"Low",12,581
"Young","Male","Married",69700,1,"Medium",12,1432
"Old","Male","Single",59300,0,"Medium",12,929
"Middle","Female","Married",88600,3,"Low",6,212
"Middle","Male","Married",102600,0,"High",18,2546
"Middle","Male","Single",43700,0,"None",18,1344
"Old","Female","Married",22400,0,"None",24,947
"Middle","Male","Married",70500,1,"None",24,2145
"Middle","Male","Married",54200,1,"Medium",6,757
"Middle","Female","Single",25300,1,"None",6,451
"Old","Male","Married",116100,1,"High",24,2975
"Young","Female","Single",15900,0,"None",18,406
"Middle","Female","Single",46600,3,"Low",6,158
"Young","Male","Single",23200,0,"None",24,534
"Young","Male","Single",18200,0,"Low",12,401
"Middle","Female","Married",82700,1,"High",18,1753
"Young","Female","Single",17000,0,"Low",18,659
"Middle","Male","Married",83000,2,"Medium",6,726
"Young","Female","Married",42400,1,"None",18,1166
"Old","Male","Single",40200,2,"None",18,1197
"Young","Female","Single",17300,0,"Low",6,411
"Middle","Female","Married",109800,1,"High",24,2258
"Middle","Female","Single",64400,3,"Medium",24,1913
"Young","Female","Single",27600,1,"Medium",24,893
"Young","Female","Single",25100,1,"None",6,421
"Middle","Female","Single",46300,3,"None",6,1138
"Old","Female","Married",74900,0,"None",12,1804
"Middle","Male","Single",67900,0,"High",18,1418
"Middle","Male","Married",88500,2,"Medium",24,1104
"Middle","Male","Married",99200,3,"None",12,2796
"Old","Female","Married",62800,0,"High",18,1403
"Old","Male","Married",76900,2,"High",24,3230
"Middle","Male","Married",84100,3,"None",6,1352
"Old","Female","Married",77600,0,"High",18,2004
"Young","Female","Single",19100,1,"Low",18,403
"Old","Female","Married",128700,0,"High",24,3995
"Young","Female","Single",14400,1,"Low",6,390
"Old","Male","Married",49600,0,"Medium",6,770
"Middle","Female","Single",47000,0,"None",6,963
"Young","Female","Married",36600,0,"Medium",6,833
"Middle","Female","Single",65800,1,"Medium",12,869
"Middle","Male","Married",52800,2,"Medium",12,926
"Middle","Male","Married",96500,0,"High",24,3780
"Middle","Female","Married",63500,1,"Medium",18,1023
"Middle","Male","Single",60400,1,"Medium",6,791
"Middle","Male","Married",102700,3,"None",12,1473
"Middle","Male","Married",100100,2,"None",6,1597
"Middle","Male","Single",54400,0,"Medium",6,1150
"Middle","Male","Married",105600,3,"Low",6,304
"Old","Female","Married",57900,0,"High",12,1693
"Young","Male","Single",31500,3,"Low",18,269
"Middle","Female","Married",60100,1,"High",18,1430
"Middle","Male","Married",87400,2,"None",18,2729
"Middle","Male","Married",117900,0,"High",6,1760
"Middle","Male","Single",48800,1,"Medium",24,1271
"Middle","Female","Married",67900,3,"Low",12,356
"Old","Male","Married",66200,0,"None",6,1024
"Middle","Male","Married",88000,2,"Medium",6,524
"Middle","Male","Married",94200,1,"High",18,1211
"Young","Female","Single",29200,3,"None",6,636
"Young","Male","Single",15300,0,"Low",24,645
"Young","Male","Single",17500,0,"Low",18,472
"Middle","Male","Single",40200,0,"High",18,1634
"Young","Male","Single",28400,3,"Low",18,182
"Middle","Male","Married",72200,3,"Medium",18,1042
"Middle","Female","Single",55200,0,"High",18,1714
"Middle","Female","Single",44600,0,"Medium",18,966
"Middle","Male","Single",58400,0,"Medium",12,829
"Middle","Female","Single",67800,1,"Medium",6,680
"Old","Female","Single",25500,0,"Low",18,636
"Young","Female","Single",20000,3,"Low",6,182
"Middle","Male","Single",52600,1,"None",18,1773
"Middle","Male","Married",97600,1,"None",12,2902
"Old","Male","Married",23400,0,"Low",6,348
"Middle","Female","Married",102500,3,"Low",12,548
"Middle","Female","Married",52300,1,"High",18,2034
"Middle","Male","Single",65400,0,"High",12,2296
"Young","Male","Single",19600,0,"Low",12,395
"Old","Male","Married",37000,0,"Medium",12,850
"Young","Female","Single",13200,0,"None",18,512
"Middle","Male","Single",63800,1,"Medium",24,1622
"Old","Female","Single",22600,0,"None",12,865
"Old","Female","Single",37300,0,"Medium",6,673
"Young","Male","Single",14900,1,"None",12,422
"Middle","Female","Single",36700,1,"None",6,529
"Middle","Male","Single",63200,0,"High",24,1932
"Old","Male","Married",77300,0,"High",18,1853
"Middle","Male","Single",43100,1,"None",12,1224
"Middle","Female","Single",44800,1,"Medium",6,666
"Old","Female","Married",70900,0,"High",24,1685
"Middle","Female","Single",38200,0,"Medium",24,1476
"Young","Female","Single",18400,1,"Low",6,319
"Middle","Female","Single",40700,3,"Low",18,232
"Old","Male","Single",71300,0,"High",18,1543
"Middle","Female","Single",36400,2,"Low",18,506
"Young","Male","Single",15400,0,"Low",6,172
"Middle","Male","Single",39100,1,"Medium",12,1001
"Middle","Male","Single",43800,0,"Medium",12,606
"Young","Male","Single",25300,0,"Medium",12,591
"Old","Male","Married",71800,0,"High",12,1389
"Middle","Male","Single",73200,0,"High",24,2177
"Middle","Male","Married",79000,1,"High",18,2279
"Middle","Female","Married",75200,1,"None",24,2702
"Young","Female","Single",25300,3,"None",6,510
"Old","Female","Married",43600,0,"Medium",12,1047
"Middle","Male","Married",83600,2,"Medium",6,538
"Middle","Female","Single",56200,0,"High",18,1546
"Young","Male","Married",45500,0,"Medium",6,754
"Middle","Male","Married",99300,1,"High",12,1504
"Middle","Male","Married",108000,3,"High",24,1849
"Middle","Female","Married",84900,1,"High",24,3072
"Middle","Male","Married",93000,3,"High",6,1046
"Middle","Female","Married",82000,0,"High",18,1800
"Old","Female","Single",33000,3,"None",6,700
"Middle","Female","Single",36900,2,"Low",24,514
"Middle","Female","Single",33200,1,"None",6,320
"Young","Male","Married",49300,0,"None",24,1692
"Old","Male","Married",66200,0,"High",24,2057
"Middle","Male","Married",96800,2,"High",18,2299
"Old","Male","Single",63200,0,"High",24,1507
"Middle","Female","Single",32100,2,"Low",24,405
"Middle","Male","Married",102700,1,"High",18,3785
"Middle","Male","Married",123800,2,"None",18,3537
"Old","Female","Single",11700,0,"Low",18,540
"Middle","Male","Married",101700,1,"None",6,941
"Middle","Female","Married",99200,0,"High",24,5503
"Young","Male","Single",17600,0,"None",6,273
"Young","Female","Single",19400,1,"None",18,384
"Middle","Male","Single",40500,1,"None",18,1073
"Old","Male","Single",44800,0,"Medium",24,1417
"Middle","Male","Married",79000,2,"Medium",18,671
"Young","Male","Married",53600,1,"Medium",24,973
"Young","Male","Married",46300,0,"None",24,1682
"Middle","Male","Married",86500,1,"High",18,2753
"Old","Female","Single",17800,0,"Low",6,256
